categoriaEbay,Categorias Validas,Ratio x,+ Shipping,,Ejemplo (Producto de 100usd),,DOLAR:,21
Video Game Consoles,,,,,,,,
Solid State Drives,x,2,10,,4410,,,
External Hard Disk Drives,x,2,10,,4410,,,
Office & Business,x,2,10,,4410,,,
Monitors,,,,,,,,
PC & Console VR Headsets,x,2,10,,4410,,,
Activity Trackers,x,"2,2",10,,4830,,,
Internal Hard Disk Drives,x,2,10,,4410,,,
PC Laptops & Netbooks,,,,,,,,
Blood Pressure Monitoring,j,"2,2",30,,,,,
Memory (RAM),x,2,10,,4410,,,
Wireless Access Points,x,"2,2",10,,4830,,,
Operating Systems,x,"2,2",10,,4830,,,
Wireless Routers,x,"2,2",10,,4830,,,
Controls & Touchscreens,x,"2,2",10,,4830,,,
Graphics/Video Cards,x,2,10,,4410,,,
Power Supplies,,,,,,,,
Motherboards,x,2,10,,4410,,,
Modems,x,"2,2",10,,4830,,,
Printers,,,,,,,,
Home Theater Receivers,,,,,,,,
Home Speakers & Subwoofers,,,,,,,,
Internet & Media Streamers,z,"2,2",30,,,,,
Apple Laptops,z,"2,2",30,,,,,
Video Glasses,x,"2,2",10,,4830,,,
Surveillance Security Systems,,,,,,,,
Label Makers,j,"2,2",30,,,,,
CPUs/Processors,x,2,10,,4410,,,
Uninterruptible Power Supplies,,,,,,,,
Water Cooling,j,"2,2",30,,,,,
CPU Fans & Heat Sinks,j,"2,2",30,,,,,
Computer Cases,,,,,,,,
"CD, DVD & Blu-ray Drives",j,"2,2",30,,,,,
Infrared & Convection Ovens,z,"2,2",30,,,,,
Controllers & Attachments,z,"2,2",30,,,,,
Tablets & eBook Readers,x,2,10,,4410,,,
Headsets & Earpieces,x,"2,2",10,,4830,,,
Air Conditioners,,,,,,,,
Keyboards & Keypads,j,"2,2",30,,,,,
"CD, DVD & Blu-ray Duplicators",j,"2,2",30,,,,,
Cycle Computers & GPS,x,"2,2",10,,4830,,,
Cell Phones & Smartphones,,,,,,,,
GPS & Running Watches,x,"2,2",10,,4830,,,
Headsets,x,"2,2",10,,4830,,,
Body Mass Monitors & Scales,x,"2,2",10,,4830,,,
Network Switches,x,"2,2",10,,4830,,,
Security Cameras,,,,,,,,
Powerline Networking,x,"2,2",10,,4830,,,
Computer Case Fans,j,"2,2",30,,,,,
VoIP Home Phones,,,,,,,,
TVs,,,,,,,,
PC Desktops & All-In-Ones,,,,,,,,
Heart Rate Monitors,z,"2,2",30,,,,,
Drive Enclosures & Docks,j,"2,2",30,,,,,
"Boosters, Extenders & Antennas",j,"2,2",30,,,,,
Computer Speakers,,,,,,,,
"Personal Finance, Tax & Legal",j,"2,2",30,,,,,
Bread Machines,,,,,,,,
Other Equestrian,j,"2,2",30,,,,,
Sound Cards (Internal),,,,,,,,
NO,,,,,,,,
Network Attached Storage,j,"2,2",30,,,,,
Webcams,,,,,,,,
Coffee Makers (Automatic),,,,,,,,
Rackmount Cases & Chassis,,,,,,,,
Firewall & VPN Devices,z,"2,2",30,,,,,
"Other TV, Video & Audio Accs",j,"2,2",30,,,,,
"Mice, Trackballs & Touchpads",j,"2,2",30,,,,,
Power Cables & Connectors,j,"2,2",30,,,,,
Scanners,x,"2,2",10,,4830,,,
Vacuum Cleaners,z,"2,2",30,,,,,
Motherboard & CPU Combos,j,"2,2",30,,,,,
TV Mounts & Brackets,,,,,,,,
Other Ent. Server Components,j,"2,2",30,,,,,
Fuel Injectors,z,"2,2",30,,,,,
Pedometers,j,"2,2",30,,,,,
Sound Cards (External),,,,,,,,
"Image, Video & Audio",x,"2,2",10,,4830,,,
Ethernet Cables (RJ-45/8P8C),x,"2,2",10,,4830,,,
Carpet & Floor Sweepers,j,"2,2",30,,,,,
Video Games,x,"2,2",10,,4830,,,
Scales,z,"2,2",30,,,,,
Network Cards,x,"2,2",10,,4830,,,
Deep Fryers,z,"2,2",30,,,,,
Other Computer Cables,j,"2,2",30,,,,,
Server Boards,z,"2,2",30,,,,,
Satellite Signal Multiswitches,x,"2,2",10,,4830,,,
Disk Controllers/RAID Cards,z,"2,2",30,,,,,
Compact & Shelf Stereos,non,,,,,,,
Home Theater Projectors,z,"2,2",30,,,,,
Wired Routers,x,"2,2",10,,4830,,,
Graphics Tablets/Boards & Pens,x,2,10,,4410,,,
Other Cycling,j,"2,2",30,,,,,
Cookware,,,,,,,,
Projectors,z,"2,2",30,,,,,
USB Wi-Fi Adapters/Dongles,x,"2,2",10,,4830,,,
Servers,z,"2,2",30,,,,,
CD Players & Recorders,,,,,,,,
Cabling Tools,j,"2,2",30,,,,,
Microphones,,,,,,,,
Toner Cartridges,j,"2,2",30,,,,,
Rackmount Cabinets & Frames,,,,,,,,
Pole Displays,,,,,,,,
Food Processors,,,,,,,,
3D Scanners,x,"2,2",10,,4830,,,
"Portable Stereos, Boomboxes",,,,,,,,
Desks & Home Office Furniture,,,,,,,,
Network Hubs,z,"2,2",30,,,,,
Cookers & Steamers,NO,,,,,,,
Mixers (Handheld),,,,,,,,
Server Power Supplies,,,,,,,,
"Cables, Adapters & Connectors",,,,,,,,
Other Portable Audio,,,,,,,,
Digital Photo Frames,,,,,,,,
Smart Watches,z,"2,2",30,,,,,
Air Purifiers,z,"2,2",30,,,,,
Printer Paper,,,,,,,,
Other Office Labels,,,,,,,,
"Copier, Printer & Fax Paper",,,,,,,,
Audio Docks & Mini Speakers,,,,,,,,
Toasters,,,,,,,,
Monitor Mounts & Stands,,,,,,,,
Laptop Docking Stations,j,"2,2",30,,,,,
Automatic Transmission Parts,j,"2,2",30,,,,,
Fit Tech Parts & Accessories,,,,,,,,
UPS Batteries & Components,,,,,,,,
Hot/Cold Water Dispensers,,,,,,,,
Record Players/Home Turntables,,,,,,,,
"Cases, Covers, Keyboard Folios",,,,,,,,
Humidifiers,,,,,,,,
Kitchen & Steak Knives,,,,,,,,
Alarm Control Panels & Keypads,,,,,,,,
USB Flash Drives,x,"2,2",10,,4830,,,
Learning Systems,z,"2,2",30,,,,,
Server Memory (RAM),z,"2,2",30,,,,,
PDAs & Pocket PCs,z,"2,2",30,,,,,
Drivers & Utilities,,,,,,,,
Projector Mounts & Stands,z,"2,2",30,,,,,
Home Theater Systems,,,,,,,,
"Credit Card Terminals, Readers",,,,,,,,
GPS Units,x,"2,2",10,,4830,,,
"Surge Protectors, Power Strips",z,"2,2",30,,,,,
Conference Equipment,z,"2,2",30,,,,,
"USB Cables, Hubs & Adapters",x,"2,2",10,,4830,,,
Switch Modules,z,"2,2",30,,,,,
Switch Power Supplies,,,,,,,,
Coffee Grinders,z,"2,2",30,,,,,
Heavy-Duty Voltage Converters,,,,,,,,
Projection Screens & Material,,,,,,,,
Check Readers,z,"2,2",30,,,,,
Video Cables & Interconnects,x,"2,2",10,,4830,,,
Camera Drones,,,,,,,,
Cordless Telephones & Handsets,,,,,,,,
Other Point of Sale Equipment,,,,,,,,
Rangefinders & Scopes,,,,,,,,
Signal Boosters,x,"2,2",10,,4830,,,
Racks & Holders,z,"2,2",30,,,,,
KVM Cables,z,"2,2",30,,,,,
Other Home Surveillance,,,,,,,,
"Voice Recorders, Dictaphones",,,,,,,,
Laptop Batteries,,,,,,,,
Case Parts & Accessories,,,,,,,,
Hunting Binoculars,x,"2,2",10,,4830,,,
Surveillance Accessories,j,"2,2",30,,,,,
Laptop Power Adapters/Chargers,,,,,,,,
Compasses & GPS,x,"2,2",10,,4830,,,
Other Health & Beauty,z,"2,2",30,,,,,
Antivirus & Security,j,"2,2",30,,,,,
Espresso Machines,,,,,,,,
Barcode Scanners,x,"2,2",10,,4830,,,
Memory Cards,z,"2,2",30,,,,,
Surveillance Gadgets,j,"2,2",30,,,,,
Pin Pads & Keyboards,j,"2,2",30,,,,,
Throttle Body,,,,,,,,
Mixers (Countertop),z,"2,2",30,,,,,
KVM Switches,j,"2,2",30,,,,,
Sewing Machines & Sergers,j,"2,2",30,,,,,
Telephone Headsets,,,,,,,,
Lights & Reflectors,j,"2,2",30,,,,,
Hydration Packs,j,"2,2",30,,,,,
Other Baseball Training Aids,,,,,,,,
Digital Cameras,,,,,,,,
Tapes & Data Cartridges,j,"2,2",30,,,,,
Ice Cream Makers,z,"2,2",30,,,,,
Laser Pointers,z,"2,2",30,,,,,
Microwave Ovens,,,,,,,,
DJ & Monitoring Headphones,,,,,,,,
Men's Shavers,j,"2,2",30,,,,,
Projector Parts & Accessories,x,"2,2",10,,4830,,,
Amplifiers & Preamps,,,,,,,,
Other Enterprise Networking,,,,,,,,
Faucets,j,"2,2",30,,,,,
Blood Pressure Monitors,z,"2,2",30,,,,,
Other Laptop & Desktop Accs,,,,,,,,
Supplies,,,,,,,,
Cable Ties & Organizers,,,,,,,,
"Floppy, Zip & Jaz Drives",j,"2,2",30,,,,,
Power Distribution Units,,,,,,,,
Directional Antennas,j,"2,2",30,,,,,
POS Software,j,"2,2",30,,,,,
Splitters & Combiners,x,"2,2",10,,4830,,,
Binoculars & Monoculars,x,"2,2",10,,4830,,,
Mixers,,,,,,,,
Irons,,,,,,,,
Laptop Cases & Bags,,,,,,,,
iPods & MP3 Players,j,"2,2",30,,,,,
Battery Chargers,,,,,,,,
Measuring Tapes & Tools,,,,,,,,
Factory Manufactured,,,,,,,,
Power Meters,,,,,,,,
Otoscopes,j,"2,2",30,,,,,
Pedals,,,,,,,,
Rifle Scopes,,,,,,,,
Air Filters,,,,,,,,
Ice Buckets & Wine Coolers,,,,,,,,
Intercoms & Access Controls,j,"2,2",30,,,,,
"CD, DVD & Blu-ray Discs",j,"2,2",30,,,,,
Blenders (Countertop),,,,,,,,
Other Office Equipment,,,,,,,,
Parts & Accessories,,,,,,,,
Ceiling Fans,,,,,,,,
Space Heaters,,,,,,,,
Dehumidifiers,,,,,,,,
Locks & Keys,,,,,,,,
Corded Telephones,,,,,,,,
Other Radio Communication,,,,,,,,
Massagers,z,"2,2",30,,,,,
Thin Clients,j,"2,2",30,,,,,
CSUs/DSUs,j,"2,2",30,,,,,
Print Servers,z,"2,2",30,,,,,
Port Expansion Cards,x,"2,2",10,,4830,,,
Chandeliers & Ceiling Fixtures,,,,,,,,
Filing Cabinets,,,,,,,,
DVD & Blu-ray Players,,,,,,,,
Headphones,,,,,,,,
Other Sporting Goods,,,,,,,,
Hubs,j,"2,2",30,,,,,
Other Medical Equipment,x,"2,2",10,,4830,,,
Compression & Base Layers,j,"2,2",30,,,,,
Other Hiking Gear,j,"2,2",30,,,,,
Other Sleeping Aids,,,,,,,,
Men's,,,,,,,,
Athletic,,,,,,,,
Luggage,,,,,,,,
Wristwatches,j,"2,2",30,,,,,
Wheels & Wheelsets,,,,,,,,
Electrotherapy Devices,x,"2,2",10,,4830,,,
Women,,,,,,,,
Radar Guns & Speed Sensors,x,"2,2",10,,4830,,,
Camcorders,,,,,,,,
Radar & Laser Detectors,j,"2,2",30,,,,,
Other Emergency Gear,,,,,,,,
Optical Fiber Cables,,,,,,,,
Chairs,,,,,,,,
Remote Controls,z,"2,2",30,,,,,
"Ottomans, Footstools & Poufs",,,,,,,,
Other Door Hardware,,,,,,,,
Bookcases,,,,,,,,
Other Hard Drives,,,,,,,,
"Parallel, Serial & PS/2",j,"2,2",30,,,,,
Mouse Pads & Wrist Rests,j,"2,2",30,,,,,
Drive Cables & Adapters,j,"2,2",30,,,,,
Cables & Adapters,j,"2,2",30,,,,,
"Plugs, Jacks & Wall Plates",j,"2,2",30,,,,,
"Splitters, Couplers & Adapters",j,"2,2",30,,,,,
Other Small Kitchen Appliances,,,,,,,,
Files & Supplies,,,,,,,,
Other Kitchen Tools & Gadgets,,,,,,,,
Screens,,,,,,,,
Other Networking Cables,j,"2,2",30,,,,,
Popcorn Poppers,,,,,,,,
Juicers,,,,,,,,
Monitor/AV Cables & Adapters,j,"2,2",30,,,,,
Bath Caddies & Storage,,,,,,,,
USB Lights & Gadgets,j,"2,2",30,,,,,
Sideboards & Buffets,,,,,,,,
Ink Cartridges,,,,,,,,
Memory Card Readers & Adapters,j,"2,2",30,,,,,
DSL/Phone Cables (RJ-11),j,"2,2",30,,,,,
Other Components & Parts,,,,,,,,
Rechargeable Batteries,,,,,,,,
Lenses,x,"2,2",10,,4830,,,
Motor Drives & Winders,j,"2,2",30,,,,,
Monitor Power Supplies,,,,,,,,
DVDs & Blu-ray Discs,j,"2,2",30,,,,,
Cross Cut Paper Shredders,,,,,,,,
Speaker Mounts & Stands,jjj,"2,2",140,,,,,
Calculators,jjj,"2,2",140,,,,,
Other A/V Media & Storage,,,,,,,,
Tripods & Monopods,z,"2,2",30,,,,,
Other Computer Monitors & Accs,,,,,,,,
Refrigerators,,,,,,,,
Other Home Networking,,,,,,,,
Electric Skillets,,,,,,,,
Media Cases & Storage,,,,,,,,
Tea Kettles,,,,,,,,
Portable Fans,,,,,,,,
Fax Machines,,,,,,,,
Lamps,,,,,,,,
Projector Bulbs & Lamps,,,,,,,,
Closet Organizers,,,,,,,,
Retail Systems,,,,,,,,
Programmable Thermostats,,,,,,,,
Other Cabinet Hardware,,,,,,,,
"Cases, Covers & Skins",,,,,,,,
"Other Drives, Storage & Media",,,,,,,,
NAS Disk Arrays,,,,,,,,
Range Hoods,,,,,,,,
Chargers & Cradles,,,,,,,,
Patio Heaters,,,,,,,,
"Walkie Talkies, Two-Way Radios",,,,,,,,
Vanities,,,,,,,,
3D Printers,,,,,,,,
Projection Lenses,x,"2,2",10,,4830,,,
Web & Desktop Publishing,,,,,,,,
Cots,,,,,,,,
Camping Furniture,,,,,,,,
Fondue Sets,,,,,,,,
Toilet Paper Storage & Covers,,,,,,,,
Grills & Griddles,,,,,,,,
Audio Cables & Interconnects,x,"2,2",10,,4830,,,
Sinks,,,,,,,,
Other Fasteners,,,,,,,,
Movie Cameras,,,,,,,,
Film Cameras,,,,,,,,
Anti-Theft Locks & Kits,,,,,,,,
Projector Lamps & Components,,,,,,,,
Hair Ties & Styling Accs,,,,,,,,
Other Medical Monitoring,,,,,,,,
Binders & Supplies,,,,,,,,
Projector Bulbs,z,"2,2",30,,,,,
Rear-Projection TV Lamps,,,,,,,,
Bed Pillows,,,,,,,,
Other Gadgets,,,,,,,,
PDA Accessories,,,,,,,,
Bar Stools,,,,,,,,
Privacy Filters,x,,,,,,,
Other Presentation Equipment,,,,,,,,
Car Speakerphones,,,,,,,,
Miners,,,,,,,,
End Mills,,,,,,,,
Other Ent. Networking Racks,,,,,,,,
Router Memory,x,,,,,,,
Enterprise Routers,,,,,,,,
Apple Desktops & All-In-Ones,,,,,,,,
Other Keyboards & Mice,,,,,,,,
French Presses,,,,,,,,
Address & Shipping Labels,,,,,,,,
Other GPS Accs & Tracking,,,,,,,,
Other Motherboard Accessories,,,,,,,,
Coolers & Refrigerators,x,"2,2",10,,4830,,,
"Cords, Jacks & Plugs",,,,,,,,
Accessory Bundles,,,,,,,,
Wall Clocks,x,,,,,,,
Area Rugs,x,,,,,,,
Other Binoculars & Telescopes,,,,,,,,
Car Subwoofers,,,,,,,,
Other Home Automation,,,,,,,,
Car Speakers & Speaker Systems,,,,,,,,
Towel Racks,,,,,,,,
Other Home Telephones,,,,,,,,
Toilet Paper Holders-Mounted,,,,,,,,
categoriaEbay,,,,,,,,
3D TV Glasses & Accessories,,,,,,,,
Acoustic Electric Guitars,,,,,,,,
Acoustic Guitars,,,,,,,,
Acoustical Treatments,,,,,,,,
Amplifiers,,,,,,,,
Answering Machines,,,,,,,,
Audio/MIDI Interfaces,,,,,,,,
Audio/Video Transmitters,,,,,,,,
Audiobooks,j,"2,2",30,,,,,
Auxiliary/Conversion Lenses,,,,,,,,
Background Material,,,,,,,,
Bags & Backpacks,,,,,,,,
Bags & Cases,,,,,,,,
Bass,,,,,,,,
Bass Guitars,,,,,,,,
Batteries,,,,,,,,
Batteries & Chargers,,,,,,,,
Battery Grips,,,,,,,,
Benches & Rests,,,,,,,,
Binocular Cases & Accessories,j,"2,2",30,,,,,
Bipods & Monopods,j,"2,2",30,,,,,
Cabinets & Safes,,,,,,,,
"Cables, Snakes & Interconnects",j,"2,2",30,,,,,
Camera & Camcorder Lights,,,,,,,,
Camera Drone Parts & Accs,,,,,,,,
Cases,,,,,,,,
Cases & Bags,,,,,,,,
"Cases, Bags & Covers",,,,,,,,
"Cases, Racks & Bags",,,,,,,,
Cleaning & Repair Kits,j,"2,2",30,,,,,
Cleaning Equipment & Kits,,,,,,,,
Cleaning Supplies,j,"2,2",30,,,,,
Coax. Cables & Connectors,,,,,,,,
Complete Karaoke Systems,,,,,,,,
Compressors & Sustainers,,,,,,,,
Computer Cable Testers,j,"2,2",30,,,,,
Cymbals,,,,,,,,
Darkroom Timers,,,,,,,,
"Delay, Echo & Reverb",,,,,,,,
"Digital Video Recorders, Cards",j,"2,2",30,,,,,
Digital Vinyl Systems (DVS),j,"2,2",30,,,,,
Disk Array Components,j,"2,2",30,,,,,
Distortion & Overdrive,,,,,,,,
DJ CD/MP3 Players,,,,,,,,
DJ Controllers,,,,,,,,
DJ Lighting: Systems & Kits,,,,,,,,
DJ Mixers,,,,,,,,
DJ Turntables,,,,,,,,
Docking Stations/Keyboards,,,,,,,,
Easels & Negative Carriers,,,,,,,,
Editing & Post-Production,,,,,,,,
Electric Guitars,,,,,,,,
Electric Scooters,,,,,,,,
Electronic Keyboards,,,,,,,,
Enlargement Equipment,,,,,,,,
Enlarging Lenses,j,"2,2",30,,,,,
"Entertainment Units, TV Stands",,,,,,,,
Film,,,,,,,,
Film Development Chemicals,,,,,,,,
Filter Rings & Holders,,,,,,,,
Filters,,,,,,,,
Flash Brackets,j,"2,2",30,,,,,
Flash Bulbs & Tubes,,,,,,,,
Flash Diffusers,j,"2,2",30,,,,,
Flash Heads & Power Supplies,,,,,,,,
Flashes,j,"2,2",30,,,,,
Frames,,,,,,,,
Framing Mats,j,"2,2",30,,,,,
Fusers,jj,"2,2",110,,,,,
Game & Trail Cameras,,,,,,,,
Guitar Amplifiers,,,,,,,,
Gun Sleeves,,,,,,,,
Hard Drive Duplicators,j,"2,2",30,,,,,
Hard Drives,j,"2,2",30,,,,,
Harmonicas,,,,,,,,
Holsters,,,,,,,,
Hunting Bags & Packs,j,"2,2",30,,,,,
Ice Chests & Coolers,j,"2,2",30,,,,,
Infrared & Thermal Imaging,j,"2,2",30,,,,,
Ink Ribbons,j,"2,2",30,,,,,
Keyboard & Mouse Bundles,j,"2,2",30,,,,,
LCD Hoods,jj,"2,2",110,,,,,
"Lens Adapters, Mounts & Tubes",j,"2,2",30,,,,,
Lens Caps,j,"2,2",30,,,,,
Lens Hoods,j,"2,2",30,,,,,
Light Bulbs & Tubes,jj,"2,2",110,,,,,
Light Meters,j,"2,2",30,,,,,
Light Stand & Boom Accessories,jjj,"2,2",140,,,,,
Light Stands & Booms,jj,"2,2",110,,,,,
Lighting Kits,jjj,"2,2",140,,,,,
Lighting Units,jj,"2,2",110,,,,,
Lights & Lasers,,,,,,,,
Live & Studio Mixers,,,,,,,,
Loopers & Samplers,,,,,,,,
Mandolins,,,,,,,,
Memory Card Cases,jjj,"2,2",140,,,,,
Metal Detectors,j,"2,2",30,,,,,
Microphones & Speakers,,,,,,,,
Microphones & Wireless Systems,,,,,,,,
Microscopes,j,"2,2",30,,,,,
Modem Cards,j,"2,2",30,,,,,
Monolight Flashes,j,"2,2",30,,,,,
"Mounts, Stands & Holders",j,"2,2",30,,,,,
Movie Camera Accessories,j,"2,2",30,,,,,
Multi-Effects,,,,,,,,
Music Stands,,,,,,,,
Night Vision Optics,j,"2,2",30,,,,,
Nonfiction,,,,,,,,
Other Blank Media & Accs,j,"2,2",30,,,,,
Other Books,,,,,,,,
Other Camera & Photo Accs,,,,,,,,
Other Camping Lighting,j,"2,2",30,,,,,
Other Camping/Hiking Backpacks,j,"2,2",30,,,,,
Other Car Video,,,,,,,,
Other Carts & Trucks,jjj,"2,2",140,,,,,
Other Cell Phone Accessories,j,"2,2",30,,,,,
Other Collectible Blades,,,,,,,,
Other Computers & Networking,j,"2,2",30,,,,,
Other Continuous Lighting,j,"2,2",30,,,,,
Other Darkroom & Developing,,,,,,,,
Other Flash Lighting,j,"2,2",30,,,,,
Other Flashes & Flash Accs,j,"2,2",30,,,,,
Other Guitar Effects Pedals,,,,,,,,
Other Guitar Parts & Accs,,,,,,,,
Other Hunting Gun Storage,,,,,,,,
Other Hunting Reloading Equip,,,,,,,,
Other Hunting Scopes & Optics,,,,,,,,
Other Lenses & Filters,j,"2,2",30,,,,,
Other Light Controls & Mods,,,,,,,,
Other Lighting & Studio,,,,,,,,
Other Musical Instrument Equip,,,,,,,,
Other Musical Instruments,,,,,,,,
Other Office,jj,"2,2",110,,,,,
Other Office Desk Accessories,,,,,,,,
Other Office Furniture,,,,,,,,
Other Office Supplies,jjj,"2,2",140,,,,,
Other Percussion Parts & Accs,,,,,,,,
Other Photo Albums & Storage,j,"2,2",30,,,,,
Other Police & Turnout Gear,,,,,,,,
Other Printer & Scanner Accs,j,"2,2",30,,,,,
Other Pro Audio Equipment,,,,,,,,
Other Production & Editing,j,"2,2",30,,,,,
Other Public Safety Equipment,jjj,"2,2",140,,,,,
Other Skateboard Parts,j,"2,2",30,,,,,
Other Tablet & eBook Accs,j,"2,2",30,,,,,
Other Telecom Systems,j,"2,2",30,,,,,
Other Tripods & Supports,jj,"2,2",110,,,,,
"Other TV, Video & Home Audio",j,"2,2",30,,,,,
Overhead Projectors,j,"2,2",30,,,,,
Paper Cutters & Trimmers,j,"2,2",30,,,,,
Personal CD Players,j,"2,2",30,,,,,
Photo Albums & Boxes,j,"2,2",30,,,,,
Photographic Paper,j,"2,2",30,,,,,
Pistol Scopes,,,,,,,,
Preamps & Channel Strips,,,,,,,,
Print Heads,j,"2,2",30,,,,,
Printer Memory,j,"2,2",30,,,,,
Printer Photo Paper,j,"2,2",30,,,,,
Processing & Finishing Equip,,,,,,,,
Processors,j,"2,2",30,,,,,
Props & Stage Equipment,,,,,,,,
Range Finders,j,"2,2",30,,,,,
Range Gear,j,"2,2",30,,,,,
Rear View Monitors/Cams & Kits,,,,,,,,
Receivers & Transmitters,j,"2,2",30,,,,,
Recorders,,,,,,,,
Red Dot & Laser Scopes,,,,,,,,
Remote Controls & Pointers,j,"2,2",30,,,,,
Remotes & Shutter Releases,j,"2,2",30,,,,,
Rifle,,,,,,,,
Scope Mounts & Accessories,,,,,,,,
Sets & Kits,,,,,,,,
Shooting Tables & Light Tents,,,,,,,,
Sights,,,,,,,,
Signal Processors/Rack Effects,,,,,,,,
Skateboards-Complete,jjj,"2,2",140,,,,,
Slaves & Trigger Systems,j,"2,2",30,,,,,
Snare Drums,,,,,,,,
Speaker Parts & Components,j,"2,2",30,,,,,
Speakers & Monitors,,,,,,,,
Spotting Scopes,j,"2,2",30,,,,,
Stabilizers,,,,,,,,
Stamping & Embossing,,,,,,,,
Staplers,j,"2,2",30,,,,,
Stereo Receivers,,,,,,,,
Stools,,,,,,,,
Straps & Hand Grips,j,"2,2",30,,,,,
Studio Reflectors,j,"2,2",30,,,,,
Studio/Live Equipment Packages,,,,,,,,
Styluses,j,"2,2",30,,,,,
Surveillance Monitors/Displays,,,,,,,,
Synthesizers,,,,,,,,
Tactical Bags & Packs,j,"2,2",30,,,,,
Tactical Clothing,,,,,,,,
Tape & Data Cartridge Drives,j,"2,2",30,,,,,
Telescope Eyepieces & Lenses,j,"2,2",30,,,,,
Telescope Mounts,j,"2,2",30,,,,,
Telescopes,j,"2,2",30,,,,,
"Textbooks, Education",j,"2,2",30,,,,,
Tripod Heads,j,"2,2",30,,,,,
Underwater Cases & Housings,j,"2,2",30,,,,,
Video Capture & TV Tuner Cards,j,"2,2",30,,,,,
Video Monitors,,,,,,,,
Viewfinders & Eyecups,j,"2,2",30,,,,,
Voice-Enabled Smart Assistants,j,"2,2",30,,,,,