ZNZ-12,16 un. Selenium RPD220Ti-8 Diafragma,ZNZ-12,,,1,,,,,,,,,,,,,,,,,,,,,,,,,,,,,,,,
ZNZ-43,Ableton Push 2,ZNZ-43,,,1,,,,,,,,,,,,,,,,,,,,,,,,,,,,,,,,
zz33,Adams F7,zz33,,,2,,,,,,,,,,,,,,,,,,,,,,,,,,,,0,,,10999,0
zz42,Aguilar Tone Hammer Preamp,zz42,,,1,,,,,,,,,,,,,,,,,,,,,,,,,,,,0,,,5199,0
1,Akai Apc 40 Mkii,1,,,2,,1,,,,11499,14899,14548.06,14548.06, controlador p/ Ableton live apc40 Oferta - Hay stock!,#N/A,,16000,1,,,,,,,,,,,,,,1,,,9199,9199
mm35,Akai Apc Mini,mm35,,,1,,0,,,,3799,3899,,,,,,3993,,,,,,,,,,,,,,,0,,,3749,0
2,Akai Ewi Usb,2,,,2,,,,,,,,,,,,,,,,,,,,,,,,,,,,0,,,10449,0
nn24,Akai Mpd 32,nn24,,,1,,,,,,,,,,,,,,,,,,,,,,,,,,,,0,,,6599,0
ZNZ-1,Akai MPK Mini MKII 25,ZNZ-1,,,5,,,,,,,,,,,#N/A,,,,1,3998,,3598.2,3499,B-12,Akai MPK Mini MKII teclado controlador usb 25 teclas Oferta!,http://b8e57dc469f9d8f4cea5-1e3c2cee90259c12021d38ebd8ad6f0f.r79.cf2.rackcdn.com/Product_Images/MPKmini_ortho_web_lg.jpg_1eab3f3a9500346f131b598374572be2.jpg,#N/A,#N/A,http://b8e57dc469f9d8f4cea5-1e3c2cee90259c12021d38ebd8ad6f0f.r79.cf2.rackcdn.com/Product_Images/MPKmini_rear_angle_web.jpg_d93f040656cc164c94d91217617db6d8.jpg,,,,3998,,,
zz84,Akai Professional MPD218,zz84,,,2,0,0,,,3799.99,3699,3899,,,,,,3994,,,,,,,,,,,,,,,0,,,3749,0
zz43,Akai Professional Mpx8,zz43,,,2,,0,,,,3299,3399,#N/A,#N/A,#N/A,#N/A,,3464,0,,,,,,,,,,,,,,1,,,2999,0
xx2,Akg C214,xx2,,,8,,,,,,,,,,,,,,,,,,,,,,,,,,,,0,,,10599,0
zz13,AKG K121,zz13,,,1,,,,,,,,,,,,,,,,,,,,,,,,,,,,0,,,2450,0
zz12,AKG K701,zz12,,,1,,,,,,,,,,,,,,,,,,,,,,,,,,,,0,,,5400,0
xxx-5,Akg P420,xxx-5,0,,3,1,,0,,8199.99,5999,6099,,,,,,6279,,,,,,,,,,,,,,,0,,,5699,0
xx10,Akg Perception 420,xx10,,,0,,,,,,,,,,,,,,,,,,,,,,,,,,,,0,,,,0
ZNZ-63,Akg Wms 40 Mini Instrumental set,ZNZ-63,,,1,,,,,,,,,,,,,,,,,,,,,,,,,,,,,,,,
mm64,Akg Wms 40 pro mini,mm64,,,1,,0,,,,,,,,,Akg Wms 40 pro mini c/ garantia wms40- Oferta!,,,,1,3999,,3599.1,3499,30,Akg Wms 40 pro mini Microfono inhalambrico Oferta hay stock!,http://www.drumpower.com.au/ebay/images/AKG/wms40_mini_sml.jpg,Akg Wms 40 pro mini Microfono inhalambrico Oferta hay stock!,http://www.drumpower.com.au/ebay/images/AKG/wms40_mini_sml.jpg,http://www.madridhifi.com/crm/documents/produit/7/9/10014297/photos/detalle/AKG-WMS40-MINI-PT.jpg,,,0,3999,,4199,0
ZNZ-65,Alesis Forge Kit Eight Piece,ZNZ-65,,,2,,,,,,,,,,,,,,,,,,,,,,,,,,,,,,,,
ZNZ-67,Alesis Q88,ZNZ-67,,,1,,0,,,,7999,8799,,,,,,8890,0,,,,,,,,,,,,,,0,,,7999,0
ZNZ-26,Alesis Samplepad 4 Compact,ZNZ-26,,,1,,,,,,,,,,,,,,,,,,,,,,,,,,,,,,,,
zz1,Alesis Samplepad pro,zz1,0,,3,1,,0,,11299.99,,,,,,,,,,,,,,,,,,,,,,,0,,,10500,0
zz53,Alesis Vi25 Advanced,zz53,,,2,,,,,,,,,,,,,,,,,,,,,,,,,,,,0,,,4999,0
xx75,Alesis Vortex Wireless,xx75,,,0,,,,,,,,,,,,,,,,,,,,,,,,,,,,0,,,,0
zz79,Alessis Nitro 8-Piece,zz79,,,2,,,,,,,,,,,,,,,,,,,,,,,,,,,,0,,,12199,0
zz31,Allen & Heath Xone K2,zz31,,,7,,,0,,,,,,,,,,,,,,,,,,,,,,,,,0,,,6250,0
mm85,Allwinner 1280x800 High Resolution HD 15,mm85,,,0,,,,,,,,,,,,,,,,,,,,,,,,,,,,0,,,,0
ZNZ-47,Ampeg SVT 3 Pro Bass,ZNZ-47,,,1,,,,,,,,,,,,,,,,,,,,,,,,,,,,,,,,
xx31,Apogee Jam,xx31,,,0,,,,,,,,,,,,,,,,,,,,,,,,,,,,0,,,,0
ZNZ-28,Apollo Twin USB,ZNZ-28,,,1,,,,,,,,,,,,,,,,,,,,,,,,,,,,,,,,
xx80,ARIZER SOLO,xx80,,,0,,,,,,,,,,,,,,,,,,,,,,,,,,,,0,,,,0
mm36,Art Dj pre II,mm36,,,1,,,,,,,,,,,ART DJPre II DJ Phono Pre Amp DJ PRE 2 c/ gtia!,,,,1,1630,,1467,1399,32,Art Dj pre II,"http://images.samash.com/sa/ADJ/ADJPREIIX-P.fpx?cell=540,400&qlt=90&cvt=jpg",#N/A,#N/A,#N/A,,,0,1630,,,0
49,Art Dual Pre,49,,,0,,,,,,,,,,,,,,,,,,,,,,,,,,,,0,,,,0
mm33,Arturia Beatstep,mm33,,,0,,,,,,,,,,,,,,,,,,,,,,,,,,,,0,,,,0
ZNZ-6,Arturia Keylab 25,ZNZ-6,,,1,,,,,,,,,,,,,,,,,,,,,,,,,,,,,,,,
zz65,Arturia Microbrute,zz65,,,1,,,,,,,,,,,,,,,,,,,,,,,,,,,,0,,,7699,0
mm42,Arturia Minilab,mm42,,,1,,,,,,,,,,,,,,,,,,,,,,,,,,,,0,,,2750,0
3,Audio Technica AT2020,3,,,0,,,,,,,,,,,,,,,,,,,,,,,,,,,,0,,,,0
4,Audio Technica ATH-M2X,4,,,0,,,,,,,,,,,,,,,,,,,,,,,,,,,,0,,,,0
ZNZ-20,Audio-technica Ath-m40x,ZNZ-20,,,11,,,,,,,,,,,,,,,,,,,,,,,,,,,,,,,,
,,,,,708,,,,,,,,,,,,,,,,,,,,,,,,,,,,,,,,
ZNZ-19,Audio-technica Ath-m50x,ZNZ-19,,,1,,,,,,,,,,,,,,,,,,,,,,,,,,,,,,,,
zz48,AUDIX DP7,zz48,,,1,,,,,,,,,,,,,,,,,,,,,,,,,,,,0,,,25280,0
xx16,Avid Fast track solo + PT express,xx16,,,0,,,,,,,,,,,,,,,,,,,,,,,,,,,,0,,,,0
5,Avid Mbox 3 Mini,5,,,0,,,,,,,,,,,,,,,,,,,,,,,,,,,,0,,,,0
xxx-27,Beheringer U-Phoria UMC202,xxx-27,1,,3,1,,,HD,2179.99,,,,,,,,,,,,,,,,,,,,,,,0,,,2200,0
mm60,Beheringer U-Phoria UMC204,mm60,,,2,,,,,,,,,,,,,,,,,,,,,,,,,,,,0,,,2780,0
6,Behringer Ada 8000,6,,,0,,,,,,,,,,,,,,,,,,,,,,,,,,,,0,,,,0
7,Behringer Bcd 3000,7,,,0,,,,,,,,,,,,,,,,,,,,,,,,,,,,0,,,,0
ZNZ-67,Behringer C2,ZNZ-67,,,1,,,,,,,,,,,,,,,,,,,,,,,,,,,,,,,,
ZN-16,Behringer Emc8000,ZN-16,,,2,,,,,,,,,,,#N/A,,,,0,2525,,2272.5,2199,B-11,Behringer Emc8000 Microfono condenser medidor emc 8000 !,http://www.conrad.com/medias/global/ce/2000_2999/2400/2430/2433/559812_AB_00_FB.EPS_1000.jpg,#N/A,#N/A,https://d1aeri3ty3izns.cloudfront.net/media/21/215589/1200/preview.jpg,,,,0,,,
ZNZ-4,Behringer Powerplay P1 Personal In-ear,ZNZ-4,,,3,,,,,,,,,,,,,,,,,,,,,,,,,,,,,,,,
zz47,Behringer X-touch Universal Control,zz47,,,7,,,,,,,,,,,,,,,,,,,,,,,,,,,,0,,,13849,0
,Behringer X18,,,,0,,,,,,,,,,,#N/A,,,,0,22500,PEso7.742,20250,20199,B-9,Behringer X18 air consola digital ipad android - hay stock!,https://http2.mlstatic.com/consola-digital-behringer-x-air-x18-18ch-interfaz-wifi-D_NQ_NP_165801-MLA20418566203_092015-F.jpg,,#N/A,https://www.thomann.de/pics/bdb/352195/9702030_800.jpg,,,,0,,,
ZNZ-66,Behringer X18 16-Channel,ZNZ-66,,,1,,,,,,,,,,,,,,,,,,,,,,,,,,,,,,,,
ZNZ-8,Behringer Xenyx Q802usb,ZNZ-8,,,0,,,,,,,,,,,,,,,,,,,,,,,,,,,,,,,,
zz28,Behringer Xenyx X1204,zz28,,,1,,,,,,,,,,,,,,,,,,,,,,,,,,,,0,,,4999,0
ZNZ-50,Behringer Xr18 X Air Digital,ZNZ-50,,,2,,,,,,,,,,,,,,,,,,,,,,,,,,,,,,,,
ZNZ-58,Beyerdynamic TG-D58C,ZNZ-58,,,3,,,,,,,,,,,,,,,,,,,,,,,,,,,,,,,,
zz9,Bogner Ecstasy,zz9,1,,2,1,,0,,6899.99,,,,,,,,,,,,,,,,,,,,,,,0,,,6099,0
,Bogner Ectasy Pedal,,,,0,,,,,,,,,,,,,,,,,,,,,,,,,,,,0,,,,0
xx49,Bose Soundlink III,xx49,,,0,,,,,,,,,,,,,,,,,,,,,,,,,,,,0,,,,0
xxx-11,Bose Soundlink mini II,xxx-11,,,1,,,,,,,,,,,,,,,,,,,,,,,,,,,,0,,,4499,0
ZNZ-16,Bose SoundLink Mini LI PEARL,ZNZ-16,,,2,,,,,,,,,,,,,,,,,,,,,,,,,,,,,,,,
xxx-12,Bose SoundLink On ear,xxx-12,,,0,,,,,,,,,,,,,,,,,,,,,,,,,,,,0,,,,0
zz22,Boss GT-1,zz22,1,,5,0,,,,5699.99,,,,,,,,,,,,,,,,,,,,,,,0,,,6999,0
ZNZ-44,Boss JS-10 EBand,ZNZ-44,,,1,,,,,,,,,,,,,,,,,,,,,,,,,,,,,,,,
xxx-2,Boss Md-2,xxx-2,,,1,,,,,,,,,,,,,,,,,,,,,,,,,,,,0,,,1850,0
zz81,Boss ME25,zz81,,,1,0,,,,5899.99,,,,,,,,,,,,,,,,,,,,,,,0,,,5599,0
xxx-36,Boss Mt2,xxx-36,,,1,,,,,,,,,,,,,,,,,,,,,,,,,,,,0,,,,0
zz16,Boss RC 300,zz16,,,1,,1,,,,15799,17999,18697.72,18697.72,  Oferta - Hay stock!,#N/A,,18260,1,1,18640,,16776,16699,2,Boss Rc300 Pedalera p/ guitarra Rc 300 hay stock!!,https://megamusic.blob.core.windows.net/images/0001102_boss-rc-300-loop-station-effects-processor.jpg,Oferta - Hay stock!,#N/A,#N/A,,,1,18640,,15600,15600
zz40,Boss RC-30 Loop,zz40,1,,3,0,,,,9299.99,,,,,,,,,,,,,,,,,,,,,,,0,,,5699,0
mm57,Boss Rc3,mm57,1,,2,0,,,,#REF!,,,,,,,,,,,,,,,,,,,,,,,0,,,5399,0
zz7,Boss Rc30,zz7,1,,0,0,0,,,,8450,8599,,,,,,8499,0,,,,,,,,,,,,,,0,,,,0
mm31,Boss VE-20,mm31,,,7,,,,,,,,,,,,,,,,,,,,,,,,,,,,0,,,8000,0
ZNZ-68,Canon 6d body,ZNZ-68,,,1,,0,,,,,,,,,,,,,,,,,,,,,,,,,,0,,,26999,0
zz21,Catalinbread Sabbra Cadabra,zz21,,,1,,,,,,,,,,,,,,,,,,,,,,,,,,,,0,,,5799,0
ZNZ-51,"COLOR: Flagstaff Sunset / Gretsch G2622T Streamliner Center Block With Gibsy, Boadtron Pickups",ZNZ-51,,,1,,,,,,,,,,,,,,,,,,,,,,,,,,,,,,,,
zz54,Cyclone Analogic TT-606,zz54,,,1,,,,,,,,,,,,,,,,,,,,,,,,,,,,0,,,13799,0
xx38,Davinci Ascent Black,xx38,,,3,,,,,,,,,,,,,,,,,,,,,,,,,,,,0,,,4600,0
xx33,Davinci Portable Black Vaporizer GEN 1,xx33,,,2,,,,,,,,,,,,,,,,,,,,,,,,,,,,0,,,2350,0
xx30,Dbx Driverack Pa+,xx30,,,1,,,,,,,,,,,,,,,,,,,,,,,,,,,,0,,,1049,0
mm5,DBX Driverack Pa2,mm5,0,,5,,,,,,,,,,,,,,,,,,,,,,,,,,,,0,,,8699,0
8,Denon Dn-s1200,8,,,0,,,,,,,,,,,,,,,,,,,,,,,,,,,,0,,,,0
zz67,Denon MCX 8000,zz67,,,1,,,,,,,,,,,,,,,,,,,,,,,,,,,,0,,,36900,0
ZNZ-25,Digitech Dirty Robot Stereo Mini,ZNZ-25,,,1,,,,,,,,,,,,,,,,,,,,,,,,,,,,,,,,
ZNZ-2,Digitech Jamman Solo Xt Stereo Looper,ZNZ-2,,,1,,,,,,,,,,,,,,,,,,,,,,,,,,,,,,,,
mm34,Digitech JML2 jamman delay stereo,mm34,,,0,,,,,,,,,,,,,,,,,,,,,,,,,,,,0,,,,0
mm16,Digitech Vocalist live 5,mm16,,,0,,,,,,,,,,,,,,,,,,,,,,,,,,,,0,,,,0
zz8,Digitech Wammy 5,zz8,1,,1,0,,,,4899.99,,,,,,,,,,,,,,,,,,,,,,,0,,,4849,0
ZNZ-49,Digitech Whammy Dt Pitch Shift,ZNZ-49,,,1,,,,,,,,,,,,,,,,,,,,,,,,,,,,,,,,
xx47,DJI Phantom Aerial UAV Drone,xx47,,,0,,,,,,,,,,,,,,,,,,,,,,,,,,,,0,,,,0
xxx-28,Dunlop Cry Baby 535q,xxx-28,,,1,,,,,,,,,,,,,,,,,,,,,,,,,,,,0,,,4599,0
mm79,Ebow Ebow plus,mm79,,,3,,,,,,,,,,,,,,,,,,,,,,,,,,,,0,,,2599,0
mm55,Electro Harmonix B9 Organ,mm55,,,0,,,,,,,,,,,,,,,,,,,,,,,,,,,,0,,,,0
mm78,Electro Harmonix Big Muff Deluxe Bass,mm78,,,2,,,,,,,,,,,,,,,,,,,,,,,,,,,,0,,,3099,0
ZNZ-54,Electro Harmonix Big Muff Pi TONE WICKER,ZNZ-54,,,1,,,,,,,,,,,,,,,,,,,,,,,,,,,,,,,,
ZNZ-22,Electro Harmonix Deluxe Memory Man,ZNZ-22,,,1,,,,,,,,,,,,,,,,,,,,,,,,,,,,,,,,
mm56,Electro Harmonix Memory Toy Delay,mm56,,,3,,,,,,,,,,,,,,,,,,,,,,,,,,,,0,,,2250,0
zz41,Electro harmonix Small Clone Classic,zz41,,,1,,,,,,,,,,,,,,,,,,,,,,,,,,,,0,,,2199,0
ZNZ-14,Electro- Harmonix Soul Food Overdrive,ZNZ-14,,,1,,,,,,,,,,,,,,,,,,,,,,,,,,,,,,,,
ZNZ-60,Electro-Harmonix Od Glove,ZNZ-60,,,1,,,,,,,,,,,,,,,,,,,,,,,,,,,,,,,,
ZNZ-17,ESP LTD EC-1000 FR Blancanieves LXEC 1000,ZNZ-17,,,1,,,,,,,,,,,,,,,,,,,,,,,,,,,,,,,,
xxx-1,Eventide Timefactor Twin Delay,xxx-1,,,1,,,,,,,,,,,,,,,,,,,,,,,,,,,,0,,,9000,0
mm40,Fenix Ld75-c,mm40,,,0,,,,,,,,,,,,,,,,,,,,,,,,,,,,0,,,,0
ZNZ-33,Fishman Triple Play Foot Controller,ZNZ-33,,,1,,,,,,,,,,,,,,,,,,,,,,,,,,,,,,,,
mm30,Focusrite Carlett 2pre,mm30,,,1,,,,,,,,,,,,,,,,,,,,,,,,,,,,0,,,9699,0
xx55,Focusrite Forte USB,xx55,,,0,,,,,,,,,,,,,,,,,,,,,,,,,,,,0,,,,0
mm47,Focusrite Isa One,mm47,,,0,,,,,,,,,,,,,,,,,,,,,,,,,,,,0,,,,0
xx54,Focusrite iTrack Solo,xx54,,,0,,,,,,,,,,,,,,,,,,,,,,,,,,,,0,,,,0
xx11,Focusrite Liquid Saffire 56,xx11,,,0,,,,,,,,,,,,,,,,,,,,,,,,,,,,0,,,,0
9,Focusrite Saffire 6,9,,,0,,,,,,,,,,,,,,,,,,,,,,,,,,,,0,,,,0
mm44,Focusrite Saffire Pro 14,mm44,,,1,1,,1,,6699.99,6999,7999,7817.23,7817.23, Placa Firewire Oferta - Hay stock!,Focusrite Saffire Pro 14 Placa interfaz de audio firewire !,,8059,1,1,7991,,7191.9,7099,21,Focusrite Saffire Pro 14 Placa Firewire Oferta - Hay stock!,http://eos-web.net/ftp_newgroove/images_big/6500.jpg,Focusrite Saffire Pro 14 Placa Firewire Oferta - Hay stock!,http://eos-web.net/ftp_newgroove/images_big/6500.jpg,http://www.prodj.com.ua/img/img2b/2013/05/20130523162336.jpg,,,1,7991,,6500,6500
10,Focusrite Saffire Pro 24,10,,,2,,,,,,,,,,,,,,,,,,,,,,,,,,,,0,,,7699,0
11,Focusrite Saffire Pro 24 DSP,11,,,0,,,,,,,,,,,,,,,,,,,,,,,,,,,,0,,,,0
mm45,Focusrite Saffire Pro 26,mm45,,,2,1,1,,caja mal estado,9299.99,7999,8999,9409,8499, Placa Firewire Oferta - Hay stock!,Focusrite Saffire Pro 26 Placa interfaz de audio firewire !,,9700,1,1,9700,,8730,8699,3,Focusrite Saffire Pro 26 Placa Firewire Oferta - Hay stock!,https://www.achamilton.co.uk/Focusrite/Saffire-PRO26-image.jpg,Focusrite Saffire Pro 26 Placa Firewire Oferta - Hay stock!,https://www.achamilton.co.uk/Focusrite/Saffire-PRO26-image.jpg,https://ecs7.tokopedia.net/img/product-1/2015/7/10/507311/507311_2d3a71be-a85c-47ea-8e27-538ff59b065d.jpg,,,1,9700,,7599,7599
xx19,Focusrite Saffire Pro 40,xx19,,,6,,,,,,,,,,,,,,,,,,,,,,,,,,,,0,,,9999,0
52,Focusrite Scarlett 18i20,52,,,2,,,,,,,,,,,,,,,,,,,,,,,,,,,,0,,,11999,0
xx6,Focusrite Scarlett 18i8,xx6,0,,4,1,0,,1 gen??,8199.99,,,,,,,,,,,,,,,,,,,,,,,0,,,8900,0
12,Focusrite Scarlett 2i2,12,1,1ra gen,12,0,0,,,,,,#N/A,#N/A, 1ra gen placa usb 2.0 Oferta - Hay stock!,Focusrite Scarlett 2I2 Placa De Sonido Usb / 2I4 6I6 18I8 **,,,0,,,,,,,,,,,,,,1,,,3599,0
40,Focusrite Scarlett 2i4,40,0,,6,0,2,,,4499.99,,,,,,Focusrite Scarlett 2I4 Placa De Audio Usb 2.0!,,,,1,5399,Es 1ra gen,4859.1,4799,B-1,Focusrite Scarlett 2i4 2da gen placa usb 2.0 Hay Stock!,http://www.tecnologiadj.com/wp-content/uploads/2012/09/focusrite-scarlett_2i4.jpg,Focusrite Scarlett 2i4 2da gen placa usb 2.0 Hay Stock!,http://www.tecnologiadj.com/wp-content/uploads/2012/09/focusrite-scarlett_2i4.jpg,http://d3se566zfvnmhf.cloudfront.net/sites/default/files/focusrite/3-2i4_3Quart-left.jpg,,,2,5399,,4749,9498
59,Focusrite Scarlett 6i6,59,0,,3,1,1,0,baqueta,4950.00,4899,5350,7691.13,7691.13, Placa usb 2.0 Oferta - Hay stock!,Focusrite Scarlett 6I6 Placa De Sonido audio usb 2.0!,,6999,1,,,,,,,,,,,,,,1,,,5999,5999
xx34,Focusrite Scarlett Solo,xx34,,,14,,,,,,,,,,,,,,,,,,,,,,,,,,,,0,,,2600,0
mm23,Focusrite Scarlett solo Studio,mm23,2,,5,1,,,,5199.99,,,,,,,,,,,,,,,,,,,,,,,0,,,5299,0
47,Focusrite Scarlett Studio,47,,,0,,,,,,,,,,,,,,,,,,,,,,,,,,,,0,,,,0
zz36,Fulltone Overdrive Full Drive 2 Mosfet,zz36,,,1,,,,,,,,,,,,,,,,,,,,,,,,,,,,0,,,3999,0
xxx-32,Garmin Forerunner 210XT,xxx-32,0,,0,,,,,,,,,,,,,,,,,,,,,,,,,,,,0,,,,0
mm87,Garmin Forerunner 310XT,mm87,1,,6,0,0,1,la que tiene pablo es refubrished la otra no,,3599,4199,3491.03,3491.03, Reloj pulso Oferta - Hay stock!,Garmin Forerunner 310XT Monitor Ritmo Cardiaco Gps / 310 xt,,5999,1,1,4300,Refubrished,3870,3799,B-2,Garmin Forerunner 310XT Reloj 310 xt Refubrished - Hay stock!,http://www.flowbikestore.com/image/data/Garmin/garmin_forunner_310XT_768%20con%20logo.jpg,Garmin Forerunner 310XT Reloj pulso Oferta - Hay stock!,http://www.flowbikestore.com/image/data/Garmin/garmin_forunner_310XT_768%20con%20logo.jpg,http://kechollazo.com/wp-content/uploads/2015/02/Garmin.jpg,,,1,4300,,3150,3150
ZNZ-37,Godin A6 Ultra Semi Acoustic,ZNZ-37,,,1,,,,,,,,,,,,,,,,,,,,,,,,,,,,,,,,
xx44,GoPro Hero 4 Black,xx44,,,0,,,,,,,,,,,,,,,,,,,,,,,,,,,,0,,,,0
xxx-35,GoPro Hero 4 Black Refubrished,xxx-35,,,3,,,,,,,,,,,#N/A,,,,1,7999,,7199.1,7099,28,GoPro Hero 4 Black Refubrished,#N/A,#N/A,#N/A,#N/A,,,0,7999,,7545,0
mm91,Gopro Hero 4 Music Black,mm91,0,,3,,,,,,,,,,,,,,,,,,,,,,,,,,,,0,,,5899,0
mm69,GoPro Hero 4 Session,mm69,,,0,,,,,,,,,,,,,,,,,,,,,,,,,,,,0,,,,0
xx43,GoPro Hero 4 Silver,xx43,,,1,,,,,,,,,,,,,,,,,,,,,,,,,,,,0,,,7399,0
ZNZ-46,Gretsch 5422TDC Electromatic (Color Naranja),ZNZ-46,,,1,,,,,,,,,,,,,,,,,,,,,,,,,,,,,,,,
,Gretsch G2622T,,,,0,,,,,,,,,,,#N/A,,,,1,24162,,21745.8,21699,B-8,Gretsch G2622T Streamliner Center Block Guitarra en stock!,https://images.musicstore.de/images/1600/gretsch-g2622t-streamliner-center-block-with-bigsby-flagstaff-sunset_1_GIT0037529-000.jpg,,#N/A,http://assets.suredone.com/2163/media-photos/ss1201-gretsch-g2622t-streamliner-center-block-double-cutaway-guitar-w-bigsby-4.jpg,,,,24162,,,
zz64,Guitar GigBag,zz64,,,1,,,,,,,,,,,,,,,,,,,,,,,,,,,,0,,,2899,0
xxx-38,Hotone Skyline Series WALLY Looper Mini,xxx-38,,,1,,,,,,,,,,,,,,,,,,,,,,,,,,,,0,,,Hotone Skyline Series WALLY Looper Mini1,0
ZNZ-32,Ibanez Aw54miniopn Artwood 3/4,ZNZ-32,,,1,,,,,,,,,,,#N/A,,,,1,7949,,7154.1,7099,27,Ibanez Aw54miniopn Artwood 3/4,https://www.bhphotovideo.com/images/images2500x2500/ibanez_aw54miniopn_artwood_series_aw54mini_1214581.jpg,#N/A,#N/A,#N/A,,,,7949,,,
zz50,Ibanez Es2 Echo Shifter Analog Delay 3,zz50,,,1,,,,,,,,,,,,,,,,,,,,,,,,,,,,0,,,4259,0
zz76,Ibanez TS9 Tube Screamer,zz76,,,1,,,,,,,,,,,,,,,,,,,,,,,,,,,,0,,,2449,0
xxx-15,IRIScan Anywhere 3 Wifi,xxx-15,,,0,,,,,,,,,,,,,,,,,,,,,,,,,,,,0,,,,0
mm74,Isp Decimator II,mm74,,,2,,,,,,,,,,,,,,,,,,,,,,,,,,,,0,,,4899,0
ZNZ-31,Jackson JS Series Rhoads JS32 COLOR IVORY BEIGE CLARO,ZNZ-31,,,1,,,,,,,,,,,,,,,,,,,,,,,,,,,,,,,,
ZNZ-48,Jackson Pro Series Dinky,ZNZ-48,,,1,,,,,,,,,,,,,,,,,,,,,,,,,,,,,,,,
ZNZ-52,JBL EON ONE Line-Ear Array PA System,ZNZ-52,,,2,,,,,,,,,,,,,,,,,,,,,,,,,,,,,,,,
ZNZ-41,JBL LSR 308,ZNZ-41,,,4,,,,,,,,,,,,,,,,,,,,,,,,,,,,,,,,
ZNZ-42,JHS Pedals ERNIE BALL 6180,ZNZ-42,,,1,,,,,,,,,,,,,,,,,,,,,,,,,,,,,,,,
xxx-37,Keith McMillen SoftStep 2,xxx-37,1,,1,0,,,,5499.99,,,,,,,,,,,,,,,,,,,,,,,0,,,5449,0
xxx-8,Korg Electribe 2,xxx-8,,,0,,,,,,,,,,,,,,,,,,,,,,,,,,,,0,,,,0
ZNZ-27,Korg Exp-2,ZNZ-27,,,1,,,,,,,,,,,,,,,,,,,,,,,,,,,,,,,,
mm84,Korg MicroKey2 49,mm84,,,0,,,,,,,,,,,,,,,,,,,,,,,,,,,,0,,,,0
mm65,Korg pb04 pitchblack,mm65,,,2,,,,,,,,,,,,,,,,,,,,,,,,,,,,0,,,912,0
ZNZ-13,"KRK ROKIT 5 GENERATION 3 - 5"" ",ZNZ-13,,,2,,,,,,,,,,,,,,,,,,,,,,,,,,,,,,,,
,Lenovo Yoga Book 10.1 2 In 1 Intel (ANDROID),,,,1,,,,,,,,,,,,,,,1,,,,,,,,,,,,,,,,,
ZNZ-55,Lenovo Yoga Book 10.1 windows,ZNZ-55,,,0,,,,,,,,,,,,,,,,,,,,,,,,,,,,,,,,
xx60,Lexicon Alpha,xx60,,,0,,,,,,,,,,,,,,,,,,,,,,,,,,,,0,,,,0
xx67,Lexicon Lambda,xx67,,,1,,,,,,,,,,,,,,,,,,,,,,,,,,,,0,,,2890,0
xx66,Lexicon Omega,xx66,,,2,,,,,,,,,,,,,,,,,,,,,,,,,,,,0,,,3850,0
xx77,Lg Hbs-900,xx77,,,0,,,,,,,,,,,,,,,,,,,,,,,,,,,,0,,,,0
13,Line 6 Dl4 Delay,13,0,,10,1,,1,reparada,5150.00,5299,5599,5140.03,5140.03, pedal p/ guitarra Dl-4 Oferta - Hay stock!,Line 6 Dl4 Delay Pedal De Efecto Dl 4 C/Garantia Oferta!,,6440,1,1,6500,,5850,5799,5,Line 6 Dl4 Delay pedal p/ guitarra Dl-4 Oferta - Hay stock!,http://www.sonikeventos.com/admin/productos/images/Instrumentos%20Musicales/Efectos/LINE%206%20DL4.jpg,Line 6 Dl4 Delay pedal p/ guitarra Dl-4 Oferta - Hay stock!,http://www.sonikeventos.com/admin/productos/images/Instrumentos%20Musicales/Efectos/LINE%206%20DL4.jpg,http://static.musiciansfriend.com/derivates/18/001/574/627/DV016_Jpg_Large_150380_V.jpg,,,1,6500,,5499,5499
ZNZ-69,Line 6 FBV Shortboard MKII,ZNZ-69,,,1,,,,,,,,,,,,,,,,,,,,,,,,,,,,,,,,
zz73,Line 6 G50 Relay Wireless System,zz73,,,2,,,,,,,,,,,,,,,,,,,,,,,,,,,,0,,,5799,0
15,Line 6 Jm4 Looper,15,,,1,,,,,,,,,,,,,,,,,,,,,,,,,,,,0,,,MP-USADOS,0
16,Line 6 M13,16,,,1,,,,,,,,,,,,,,,,,,,,,,,,,,,,0,,,7399,0
xx68,Line 6 M5,xx68,0,,6,,,,,,,,,,,,,,,,,,,,,,,,,,,,0,,,2799,0
17,Line 6 M9,17,,,0,,,,,,,,,,,,,,,,,,,,,,,,,,,,0,,,,0
37,Line 6 Pod hd 300,37,,,0,,,,,,,,,,,,,,,,,,,,,,,,,,,,0,,,,0
14,Line 6 Pod Hd 500,14,,,0,,,,,,,,,,,,,,,,,,,,,,,,,,,,0,,,,0
zz11,Line 6 Pod Hd 500x,zz11,,,0,,,,,,,,,,,,,,,,,,,,,,,,,,,,0,,,,0
zz6,Line 6 POD HD500X,zz6,1,,4,0,,,,11799.99,,,,,,,,,,,,,,,,,,,,,,,0,,,11100,0
mm1,Line 6 Pod studio Ux1,mm1,,,0,,,,,,,,,,,,,,,,,,,,,,,,,,,,0,,,,0
ZNZ-61,Line 6 Relay G70 Digital Wireless Guitar System,ZNZ-61,,,1,,,,,,,,,,,,,,,,,,,,,,,,,,,,,,,,
zz35,M-Audio Bx8 D2,zz35,,,1,,,,,,,,,,,,,,,,,,,,,,,,,,,,0,,,13499,0
zz85,M-Audio BX8 D2 ,zz85,,,0,,,,,,,,,,,,,,,,,,,,,,,,,,,,0,,,,0
zz20,M-Audio Code 49,zz20,,,1,,,,,,,,,,,,,,,,,,,,,,,,,,,,0,,,7399,0
19,M-audio Fast Track Pro + Pro Tools Mp,19,,,1,,,,,,,,,,,,,,,,,,,,,,,,,,,,0,,,3199,0
zz60,M-audio Keystation 88 Mk2,zz60,,,1,,,,,,,,,,,,,,,,,,,,,,,,,,,,0,,,7199,0
xx42,M-Audio Keystation Mini 32 MKII,xx42,,,0,,,,,,,,,,,,,,,,,,,,,,,,,,,,0,,,,0
zz10,M-audio M-track 8,zz10,1,,1,0,1,,,,11199,12299,#N/A,#N/A,M-audio M-Track 8 Placa usb 2.0 Oferta - Hay stock!,#N/A,,12584,1,1,13700,,12330,12299,25,M-audio M-Track 8 Placa usb 2.0 Oferta - Hay stock!,http://www.muzikosfaktorius.com/foto/big/54805d93eceb4.jpg,M-audio M-Track 8 Placa usb 2.0 Oferta - Hay stock!,http://www.muzikosfaktorius.com/foto/big/54805d93eceb4.jpg,https://www.gearank.com/sites/default/files/MTrackEight_front_back.jpg,,,1,13700,,10849,0
xxx-7,M-audio M-Track II *,xxx-7,,,0,,,,,,,,,,,,,,,,,,,,,,,,,,,,0,,,,0
38,M-audio M-Track Plus,38,,,0,,,,,,,,,,,,,,,,,,,,,,,,,,,,0,,,,0
mm2,M-audio M-Track Plus II,mm2,1,,3,1,1,0,,3999.99,4199,4499,4073.03,4073.03, Placa usb 2.0 Oferta - Hay stock!,M-audio M-track plus Mkii 2 II - Placa de audio usb c/gtia!,,4566,1,1,4500,,4050,3999,22,M-audio M-Track Plus II Placa usb 2.0 Oferta - Hay stock!,http://sonomarcas.com/tienda/1369-large_default/m-audio-m-track-plus-mkii.jpg,M-audio M-Track Plus II Placa usb 2.0 Oferta - Hay stock!,http://sonomarcas.com/tienda/1369-large_default/m-audio-m-track-plus-mkii.jpg,http://8e5aac4bc793d119543e-a784f0287de17aca81e7ecc053e60785.r69.cf2.rackcdn.com/1084/images/MTrackPlus_angle_web-1200x750_00.jpg,,,1,4500,,3899,3899
21,M-audio Mobile Pre Mkii + Pro Tools SE,21,,,0,,,,,,,,,,,,,,,,,,,,,,,,,,,,0,,,,0
mm61,Mackie Big Knob,mm61,,,1,,,,,,,,,,,,,,,,,,,,,,,,,,,,0,,,7830,0
ZNZ-56,Mackie Profx16v2 16-channel 4,ZNZ-56,,,1,,,,,,,,,,,,,,,,,,,,,,,,,,,,,,,,
zz45,Maxon SM 9+ Pro Supermetal,zz45,,,1,,,,,,,,,,,,,,,,,,,,,,,,,,,,0,,,4899,0
zz24,Moog Mother 32,zz24,1,,2,1,,,,17199.99,,,,,,,,,,,,,,,,,,,,,,,0,,,16749,0
ZNZ-23,Morley Power Optical Wah Volume ,ZNZ-23,,,1,,,,,,,,,,,,,,,,,,,,,,,,,,,,,,,,
mm27,Motu Microbook II,mm27,,,1,,,,,,,,,,,,,,,,,,,,,,,,,,,,0,,,MP-USADOS,0
mm48,Motu Track 16,mm48,,,1,,,,,,,,,,,,,,,,,,,,,,,,,,,,0,,,14900,0
,Mxr M-108s,,,,0,,,,,,,,,,,#N/A,,,,1,4150,,3735,3699,6,Mxr M-108s,#N/A,,#N/A,#N/A,,,,4150,,,
xxx-22,Mxr M101 Phase 90,xxx-22,,,0,,,,,,,,,,,,,,,,,,,,,,,,,,,,0,,,,0
mm71,Mxr M102,mm71,,,2,,,,,,,,,,,,,,,,,,,,,,,,,,,,0,,,1900,0
xxx-19,Mxr M108 Eq,xxx-19,,,2,,1,,,,3599,3599,3491.03,3491.03,  Oferta - Hay stock!,#N/A,,3952,1,,,,,,,,,,,,,,1,,,MP-USADOS,0
xxx-20,Mxr M116 Fullbore Metal,xxx-20,,,0,,,,,,,,,,,,,,,,,,,,,,,,,,,,0,,,,0
xxx-23,Mxr M133 Micro Amp,xxx-23,,,2,,,,,,,,,,,,,,,,,,,,,,,,,,,,0,,,1899,0
mm90,Mxr M169,mm90,,,1,,,,,,,,,,,,,,,,,,,,,,,,,,,,0,,,3799,0
mm70,Mxr M193,mm70,,,0,,,,,,,,,,,,,,,,,,,,,,,,,,,,0,,,,0
mm37,Mxr M80 Bass D.i.,mm37,,,9,0,,,,3499.99,,,,,,,,,,,,,,,,,,,,,,,0,,,MP-USADOS,0
mm72,Mxr M81,mm72,,,0,,,,,,,,,,,,,,,,,,,,,,,,,,,,0,,,,0
zz26,MXR M82 Bass Envelope Filter,zz26,,,1,,,,,,,,,,,,,,,,,,,,,,,,,,,,0,,,3850,0
mm73,MXR M87 Bass Compressor,mm73,,,3,,,,,,,,,,,,,,,,,,,,,,,,,,,,0,,,4399,0
xxx-21,Mxr M89 Bass Overdrive,xxx-21,1,,3,1,0,,,3199.99,3199,3399,,,,,,3495,0,,,,,,,,,,,,,,0,,,3250,0
xx3,Mxr Phase 90,xx3,,,0,,,,,,,,,,,,,,,,,,,,,,,,,,,,0,,,,0
ZNZ-11,MXR Phase 95 mini,ZNZ-11,,,1,,,,,,,,,,,,,,,,,,,,,,,,,,,,,,,,
xx28,N/A Transformadores,xx28,,,0,,,,,,,,,,,,,,,,,,,,,,,,,,,,0,,,,0
xx78,Native Instruments  Traktor Kontrol Z1,xx78,,,0,,,,,,,,,,,,,,,,,,,,,,,,,,,,0,,,,0
mm82,Native Instruments Komplete audio 6,mm82,,,5,,,,,,,,,,,,,,,,,,,,,,,,,,,,0,,,5499,0
xx74,Native Instruments Maschine Mikro MK2,xx74,,,0,,,,,,,,,,,,,,,,,,,,,,,,,,,,0,,,,0
mm3,Native Instruments Traktor Audio 2 MK2 LN,mm3,,,1,,,,,,,,,,,,,,,,,,,,,,,,,,,,0,,,2550,0
xx52,Native Instruments Traktor Kontrol F1,xx52,,,1,,,,,,,,,,,,,,,,,,,,,,,,,,,,0,,,5199,0
xxx-30,Native instruments Traktor kontrol S2 Mkii,xxx-30,,,1,,,,,,,,,,,,,,,,,,,,,,,,,,,,0,,,12399,0
xx14,Native Instruments Traktor kontrol x1,xx14,,,0,,,,,,,,,,,,,,,,,,,,,,,,,,,,0,,,,0
xx71,Native Instruments Traktor Kontrol X1 MKII,xx71,,,0,,,,,,,,,,,,,,,,,,,,,,,,,,,,0,,,,0
xx41,Native Instruments Traktor Scratch A6,xx41,,,0,,,,,,,,,,,,,,,,,,,,,,,,,,,,0,,,,0
45,Natrol 5-Htp 50mg,45,,,0,,,,,,,,,,,,,,,,,,,,,,,,,,,,0,,,,0
51,Natrol Memory Complex,51,,,0,,,,,,,,,,,,,,,,,,,,,,,,,,,,0,,,,0
ZNZ-9,Neumann TLM103,ZNZ-9,,,1,,,,,,,,,,,,,,,,,,,,,,,,,,,,,,,,
54,Nikon Coolpix AW110,54,,,2,,,,,,,,,,,,,,,,,,,,,,,,,,,,0,,,5190,0
zz57,Novation Circuit Groove Box,zz57,,,2,,,,,,,,,,,,,,,,,,,,,,,,,,,,0,,,7299,0
mm49,Novation Lauchpad Pro,mm49,,,1,0,,,,8399.99,,,,,,,,,,,,,,,,,,,,,,,0,,,7600,0
mm11,Novation Launch control,mm11,,,0,,,,,,,,,,,,,,,,,,,,,,,,,,,,0,,,,0
xxx-31,Novation Launch Control XL,xxx-31,,,1,,,,,,,,,,,,,,,,,,,,,,,,,,,,0,,,4399,0
xx23,Novation Launchpad Mini,xx23,0,,6,,,,,,,,,,,,,,,,,,,,,,,,,,,,0,,,2690,0
zz37,Novation Launchpad Mini MK Ii,zz37,,,4,,,,,,,,,,,,,,,,,,,,,,,,,,,,0,,,2799,0
xx79,Novation Launchpad S,xx79,,,0,,,,,,,,,,,,,,,,,,,,,,,,,,,,0,,,,0
22,Numark Dj Io,22,,,0,,,,,,,,,,,,,,,,,,,,,,,,,,,,0,,,,0
23,Numark Mixtrack,23,,,0,,,,,,,,,,,,,,,,,,,,,,,,,,,,0,,,,0
mm25,Numark Mixtrack Edge,mm25,,,0,,,,,,,,,,,,,,,,,,,,,,,,,,,,0,,,,0
39,Numark Mixtrack II,39,,,0,,,,,,,,,,,,,,,,,,,,,,,,,,,,0,,,,0
24,Numark Mixtrack Pro,24,,,0,,,,,,,,,,,,,,,,,,,,,,,,,,,,0,,,,0
zz59,Numark Mixtrack Pro 3,zz59,,,10,,1,0,,,5999,6399,6305,6305,Numark Mixtrack Pro 3 controlador usb Oferta - Hay stock!,#N/A,,6499,1,,,,,,,,,,,,,,1,,,5099,5099
mm4,Numark Mixtrack Pro II,mm4,,,0,,,,,,,,,,,,,,,,,,,,,,,,,,,,0,,,,0
,Numark Mixtrack Pro III,,,,0,,0,,,,,,,,,,,,,,,,,,,,,,,,,,0,,,,0
25,Numark Total Control,25,,,0,,,,,,,,,,,,,,,,,,,,,,,,,,,,0,,,,0
mm54,Panasonic Hx A500,mm54,1,,0,1,,1,,4399.99,4899,7299,#VALUE!,#VALUE!, Camara 4k Deportiva Oferta - Hay stock!,Panasonic Hx A500 25P Action A-500 camara 4k c/accesorios!,,,1,1,8999,con accesorios,8099.1,7999,23,Panasonic Hx A500 Camara 4k Deportiva Oferta - Hay stock!,http://static.bhphotovideo.com/explora/sites/default/files/styles/960/public/m_HX-A500D-POINT-OF-VIEW-FULL-HD.jpg,Panasonic Hx A500 Camara 4k Deportiva Oferta - Hay stock!,http://static.bhphotovideo.com/explora/sites/default/files/styles/960/public/m_HX-A500D-POINT-OF-VIEW-FULL-HD.jpg,http://www.parscanon.com/CMS_UI/documents/editorImages/Panasonic%20HX-A500.jpg,,,1,8999,,,0
xxx-18,Pebble Time watch,xxx-18,1,,0,1,,1,rb,1750.00,2299,2499,2327.03,2327.03,Pebble Reloj Digital Oferta - Hay stock!,#N/A,,,1,1,2200,Refubrished,1980,1899,24,Pebble Reloj Digital Oferta - Hay stock!,,Pebble Reloj Digital Oferta - Hay stock!,,,,,1,2200,,,0
xxx-13,Petzi Treat Cam,xxx-13,1,,2,0,,,,1999.99,,,,,,,,,,,,,,,,,,,,,,,0,,,1899,0
zz30,Pioneer Ddj Rb,zz30,,,15,,,2,,,,,,,,#N/A,,,,0,8500,,7650,7599,B-3,Pioneer Ddj Rb Controlador Rekordbox usb -oferta! Hay stock!,http://www.digitaldjtips.com/wp-content/uploads/2016/06/Untitled-1.jpg,Oferta - Hay stock!,http://www.digitaldjtips.com/wp-content/uploads/2016/06/Untitled-1.jpg,,,,2,0,,7399,14798
zz74,Pioneer DDJ RB,zz74,,,15,,,,,,,,,,,,,,,,,,,,,,,,,,,,0,,,7399,0
zz55,Pioneer Ddj SB2,zz55,,,6,,0,,,,,,,,,,,,,,,,,,,,,,,,,,0,,,6249,0
zz62,Pioneer Ddj Sb2,zz62,,,6,,,,,,,,,,,,,,,,,,,,,,,,,,,,0,,,6249,0
zz52,Pioneer Ddj Sr2,zz52,,,1,,,,,,,,,,,,,,,,,,,,,,,,,,,,0,,,14699,0
zz49,Pioneer DDJ-RR,zz49,,,2,,0,,,,,,,,,,,,,,,,,,,,,,,,,,0,,,16799,0
mm8,Ploom Pax,mm8,,,0,,,,,,,,,,,,,,,,,,,,,,,,,,,,0,,,,0
xx46,Polar Loop,xx46,,,5,,,,,,,,,,,,,,,,,,,,,,,,,,,,0,,,1750,0
xx7,Presonus Audiobox 1818Vsl,xx7,1,,2,1,,0,,11799.99,11999,12699,,,,,,12990,,,,,,,,,,,,,,,0,,,13499,0
xx9,Presonus Audiobox 22Vsl,xx9,,,0,,,,,,,,,,,,,,,,,,,,,,,,,,,,0,,,,0
,Presonus Audiobox 2x2,,,,0,,,,,,,,,,,,,,,,,,,,,,,,,,,,0,,,,0
xx8,Presonus Audiobox 44Vsl,xx8,,,0,,,,,,,,,,,,,,,,,,,,,,,,,,,,0,,,,0
mm24,Presonus AudioBox iOne,mm24,,,1,,,,,,,,,,,,,,,,,,,,,,,,,,,,0,,,2599,0
xxx-6,Presonus Audiobox Itwo,xxx-6,,,0,,,,,,,,,,,,,,,,,,,,,,,,,,,,0,,,,0
mm43,Presonus Audiobox usb,mm43,,,1,,0,,,,,,,,,,,,,,,,,,,,,,,,,,0,,,3000,0
53,Presonus Audiobox Usb 2x2,53,,,3,,,,,,,,,,,,,,,,,,,,,,,,,,,,0,,,2899,0
zz2,Radial Bones Vienna chorus,zz2,0,,2,,,,,,,,,,,,,,,,,,,,,,,,,,,,0,,,3999,0
xx18,Rayban Rb3025 Gold 58mm,xx18,,,0,,,,,,,,,,,,,,,,,,,,,,,,,,,,0,,,,0
xxx-3,Rode Nt Usb,xxx-3,,,4,0,,,,4999.99,,,,,,,,,,,,,,,,,,,,,,,0,,,4999,0
ZNZ-29,Rode NT1-A,ZNZ-29,,,1,,,,,,,,,,,,,,,,,,,,,,,,,,,,,,,,
zz56,Rode NT2a,zz56,,,1,,,,,,,,,,,,,,,,,,,,,,,,,,,,0,,,8649,0
ZNZ-5,Rode Ntg2,ZNZ-5,,,1,,,,,,,,,,,,,,,,,,,,,,,,,,,,,,,,
zz14,Rode Rodelink FilmMaker Kit,zz14,,,1,,,,,,,,,,,,,,,,,,,,,,,,,,,,0,,,13600,0
zz80,Rode Videomicro On-camera,zz80,,,4,,,,,,,,,,,,,,,,,,,,,,,,,,,,0,,,1599,0
zz69,Rode Vmp Videomic,zz69,,,1,,,,,,,,,,,,,,,,,,,,,,,,,,,,0,,,6099,0
zz66,Rode Vmp Videomic Pro,zz66,,,1,,,,,,,,,,,,,,,,,,,,,,,,,,,,0,,,6099,0
zz83,Roland AIRA VT-3,zz83,,,1,1,,,,4799.99,4799,5399,,,,,,5600,0,,,,,,,,,,,,,,0,,,4799,0
xxx-14,Roland Bt-1,xxx-14,,,0,,,,,,,,,,,,,,,,,,,,,,,,,,,,0,,,,0
zz39,Roland FP-80,zz39,,,1,,,,,,,,,,,,,,,,,,,,,,,,,,,,0,,,49700,0
zz38,Roland Gr55 Gk3,zz38,,,2,,,,,,,,,,,,,,,,,,,,,,,,,,,,0,,,19599,0
ZNZ-15,Roland Kd9- Kick Pad Drum Trigger,ZNZ-15,,,1,,,,,,,,,,,,,,,,,,,,,,,,,,,,,,,,
xx59,Roland R-05,xx59,,,0,,,,,,,,,,,,,,,,,,,,,,,,,,,,0,,,,0
ZNZ-59,Roland TD1-K,ZNZ-59,,,1,,,,,,,,,,,,,,,,,,,,,,,,,,,,,,,,
ZNZ-45,Roland TD11-KVS,ZNZ-45,,,2,,,,,,,,,,,,,,,,,,,,,,,,,,,,,,,,
ZNZ-57,Samson 8kit Dk8 8-piece,ZNZ-57,,,1,,,,,,,,,,,,,,,,,,,,,,,,,,,,,,,,
xx57,Samson Airline Micro N1,xx57,,,0,,,,,,,,,,,,,,,,,,,,,,,,,,,,0,,,,0
xx58,Samson Airline Micro N5,xx58,,,0,,,,,,,,,,,,,,,,,,,,,,,,,,,,0,,,,0
26,Samson Hp-10,26,,,0,,,,,,,,,,,,,,,,,,,,,,,,,,,,0,,,,0
xx53,Samsung Galaxy S5 SM-G900F 32gb,xx53,,,0,,,,,,,,,,,,,,,,,,,,,,,,,,,,0,,,,0
ZNZ-64,Schecter E-1 FR S Special Edition Electric Guitar,ZNZ-64,,,1,,,,,,,,,,,,,,,,,,,,,,,,,,,,,,,,
ZNZ-62,SE Electronics RF-X Reflexion Filter X,ZNZ-62,,,1,,,,,,,,,,,,,,,,,,,,,,,,,,,,,,,,
zz61,Se Electronics X1 Studio Bundle,zz61,,,2,,,,,,,,,,,,,,,,,,,,,,,,,,,,0,,,5899,0
ZNZ-40,Seagull 039227 Merlin Spruce SG Dulcimer 4-String Diatonic Instrument,ZNZ-40,,,1,,,,,,,,,,,,,,,,,,,,,,,,,,,,,,,,
mm51,Senheiser XSW 35-A B,mm51,,,0,,,,,,,,,,,,,,,,,,,,,,,,,,,,0,,,,0
xxx-26,Sennheiser Hd 201,xxx-26,,,0,,,,,,,,,,,,,,,,,,,,,,,,,,,,0,,,,0
zz72,Sennheiser Hd8 Dj Closed Design,zz72,,,2,,,,,,,,,,,,,,,,,,,,,,,,,,,,0,,,5299,0
zz78,Sennheiser Hd8 Dj Closed Design,zz78,,,2,,,,,,,,,,,,,,,,,,,,,,,,,,,,0,,,5299,0
,Sennheiser Hd8 Dj Closed Design,,,,2,,,,,,,,,,,,,,,,,,,,,,,,,,,,0,,,5299,0
zz63,Seymour Duncan Sh-1n '59 Model Neck,zz63,,,1,,,,,,,,,,,,,,,,,,,,,,,,,,,,0,,,2299,0
zz29,Seymour Duncan Sh-2n Jazz,zz29,,,1,,,,,,,,,,,,,,,,,,,,,,,,,,,,0,,,2399,0
xx26,Seymour Duncan SH1 59 Black ,xx26,,,0,,,,,,,,,,,,,,,,,,,,,,,,,,,,0,,,,0
zz18,Seymour Duncan Stl-2,zz18,,,1,,,,,,,,,,,,,,,,,,,,,,,,,,,,0,,,2599,0
ZNZ-30,Seymour Duncan Studio Bass,ZNZ-30,,,1,,,,,,,,,,,,,,,,,,,,,,,,,,,,,,,,
xxx-10,Shimano Corvalus 401,xxx-10,,,2,,,,,,,,,,,,,,,,,,,,,,,,,,,,0,,,2150,0
mm28,Shimano Curado CU-300e,mm28,1,,3,1,,0,,7899.99,6999,8399,,,,,,9297,0,,,,,,,,,,,,,,0,,,8299,0
zz82,Shure BLX24/PG58,zz82,,,0,1,,1,,7699.99,8599,9699,9593.3,9593.3,Shure Blx24/Pg58 Microfono inhalambrico Blx-24 / Pg-58 ,#N/A,,9890,1,1,10500,,9450,9399,20,Shure Blx24/Pg58 Microfono inhalambrico Blx-24 / Pg-58,http://www.bandierafranco.it/shop/media/com_hikashop/upload/Shure_BLX24E_PG5_5358e9390d77b.jpg,Shure Blx24/Pg58 Microfono inhalambrico Blx-24 / Pg-58,http://www.bandierafranco.it/shop/media/com_hikashop/upload/Shure_BLX24E_PG5_5358e9390d77b.jpg,http://www.ezprogear.com/media/catalog/product/cache/1/image/9df78eab33525d08d6e5fb8d27136e95/b/l/blx4_pg58-1.jpg,,,1,10500,,,0
zz23,Shure DMK57,zz23,,,1,,,,,,,,,,,,,,,,,,,,,,,,,,,,0,,,14199,0
ZNZ-3,Shure M447,ZNZ-3,,,1,,,,,,,,,,,,,,,,,,,,,,,,,,,,,,,,
xxx-33,Shure N97xE,xxx-33,,,0,,,,,,,,,,,,,,,,,,,,,,,,,,,,0,,,,0
zz77,Shure SM 58,zz77,1,,3,1,,0,,2699.99,,,,,,,,,,,,,,,,,,,,,,,0,,,2499,0
xxx-9,Sjcam Sj4000 Wifi,xxx-9,,,1,,,,,,,,,,,,,,,,,,,,,,,,,,,,0,,,1699,0
27,Skb H4n Case,27,,,0,,,,,,,,,,,,,,,,,,,,,,,,,,,,0,,,,0
ZNZ-35,SKB-R106,ZNZ-35,,,1,,,,,,,,,,,,,,,,,,,,,,,,,,,,,,,,
xx62,Sony Cyber-shot DSC-RX100,xx62,,,0,,,,,,,,,,,,,,,,,,,,,,,,,,,,0,,,,0
mm32,Sony Hdr Cx405,mm32,0,,4,,0,,,,,,,,,,,,,,,,,,,,,,,,,,0,,,5899,0
mm53,Sony HDR-AS20,mm53,0,,0,,,,,,,,,,,,,,,,,,,,,,,,,,,,0,,,,0
xx65,Sony HDR-MV1,xx65,,,0,,,,,,,,,,,,,,,,,,,,,,,,,,,,0,,,,0
ZNZ-39,Source Audio Sound Blox 2 Manta,ZNZ-39,,,1,,,,,,,,,,,,,,,,,,,,,,,,,,,,,,,,
44,ss Cafeina 200mg x 100,44,,,0,,,,,,,,,,,,,,,,,,,,,,,,,,,,0,,,,0
28,Stagg XLR 6 metros,28,,,0,,,,,,,,,,,,,,,,,,,,,,,,,,,,0,,,,0
ZNZ-36,Steinberg UR22,ZNZ-36,,,2,,,,,,,,,,,,,,,,,,,,,,,,,,,,,,,,
xx36,Suhr Riot,xx36,,,2,,,,,,,,,,,,,,,,,,,,,,,,,,,,0,,,4099,0
mm10,Suhr Riot Reloaded,mm10,,,0,,,,,,,,,,,,,,,,,,,,,,,,,,,,0,,,,0
ZNZ-34,Takamine G Series GD30 CE Nat,ZNZ-34,,,1,,,,,,,,,,,,,,,,,,,,,,,,,,,,,,,,
,Tama Speed Cobra 910,,,,0,,,,,,,,,,,,,,,,,,,,,,,,,,,,0,,,,0
zz32,Tama Speed Cobra 910 Hp910lwn Twin Ped,zz32,,,1,,,,,,,,,,,,,,,,,,,,,,,,,,,,0,,,4749,0
zz70,Tama Speed Cobra 910 Hp910lwn Twin Pedal,zz70,,,1,,,,,,,,,,,,,,,,,,,,,,,,,,,,0,,,9499,0
29,Tascam DP-02,29,,,1,,,,,,,,,,,,,,,,,,,,,,,,,,,,0,,,6499,0
30,Tascam DP-03,30,,,0,,,,,,,,,,,,,,,,,,,,,,,,,,,,0,,,,0
41,Tascam Dr-05,41,2,,9,0,,,,5799.99,,,,,,,,,,,,,,,,,,,,,,,0,,,2899,0
xx76,Tascam Dr-05 Mkii,xx76,,,0,,,,,,,,,,,,,,,,,,,,,,,,,,,,0,,,,0
46,Tascam Dr-07 Mkii,46,,,0,,,,,,,,,,,,,,,,,,,,,,,,,,,,0,,,,0
43,Tascam Dr-40,43,2,,12,5,,0,,5799.99,6999,7299,,,,,,7438,0,,,,,,,,,,,,,,0,,,5450,0
xxx-4,Tascam Dr-60 Mkii,xxx-4,0,,3,1,0,,,6499.99,,,,,,,,,,,,,,,,,,,,,,,0,,,6199,0
mm67,Tascam Dr-70D,mm67,,,3,,,,,,,,,,,,,,,,,,,,,,,,,,,,0,,,11899,0
xx1,Tascam Dr100 Mkii,xx1,,,1,,,,,,,,,,,,,,,,,,,,,,,,,,,,0,,,,0
xx22,Tascam Dr22 Wl,xx22,3,,4,0,,,,,,,,,,,,,,,,,,,,,,,,,,,0,,,3500,0
xx21,Tascam Dr44 Wl,xx21,2,,2,0,,,,6899.99,,,,,,,,,,,,,,,,,,,,,,,0,,,6900,0
mm41,tascam Us 16x08,mm41,,,5,,,,,,,,,,,,,,,,,,,,,,,,,,,,0,,,8950,0
mm76,Tascam Us-144 Mkii,mm76,,,0,,,,,,,,,,,,,,,,,,,,,,,,,,,,0,,,,0
31,Tascam Us-1800,31,,,0,,,,,,,,,,,,,,,,,,,,,,,,,,,,0,,,,0
32,Tascam Us-2000,32,,,0,,,,,,,,,,,,,,,,,,,,,,,,,,,,0,,,,0
mm20,tascam us-2x2,mm20,,,3,1,,,,3699.99,3799,4150,,,,,,4208,0,,,,,,,,,,,,,,0,,,,0
mm29,tascam Us-366,mm29,,,0,,,,,,,,,,,,,,,,,,,,,,,,,,,,0,,,,0
xx70,Tascam US122MKII,xx70,,,0,,,,,,,,,,,,,,,,,,,,,,,,,,,,0,,,,0
ZNZ-53,Taylor 114ce-n Nylon String,ZNZ-53,,,1,,,,,,,,,,,,,,,,,,,,,,,,,,,,,,,,
mm62,Tc electronic Bh 250,mm62,0,,2,,,,,,,,,,,,,,,,,,,,,,,,,,,,0,,,7280,0
zz71,TC Electronic BH 800,zz71,,,1,,,,,,,,,,,,,,,,,,,,,,,,,,,,0,,,13699,0
56,Tc Electronic Corona Chorus,56,1,,7,0,0,,,,,,,,,,,,,,,,,,,,,,,,,,0,,,2699,0
xx56,Tc Electronic Corona Chorus mini,xx56,1,,0,1,,1,,2699.99,2599,3199,2909.03,2909.03, Pedal p/ guitarra Oferta - Hay stock!,Tc Electronic Corona Chorus mini Pedal de efecto p/ guitarra,,3250,1,1,3450,,3105,3099,7,Tc Electronic Corona Chorus mini Pedal p/ guitarra En Stock!,https://images.static-thomann.de/pics/prod/340959.jpg,Tc Electronic Corona Chorus mini Pedal p/ guitarra En Stock!,https://images.static-thomann.de/pics/prod/340959.jpg,https://images.static-thomann.de/pics/prod/340959.jpg,,,1,3450,,,0
xx40,Tc Electronic Dark Matter,xx40,,,0,,,,,,,,,,,,,,,,,,,,,,,,,,,,0,,,,0
48,Tc Electronic Ditto Looper,48,4,,14,0,,,,2750.00,,,,,,,,,,,,,,,,,,,,,,,0,,,MP-USADOS,0
mm52,Tc electronic Ditto looper Stereo,mm52,,,0,,,,,,,,,,,,,,,,,,,,,,,,,,,,0,,,,0
xx15,Tc Electronic Ditto Looper X2,xx15,,,10,1,,,,4799.99,,,,,,,,,,,,,,,,,,,,,,,0,,,3850,0
mm77,Tc electronic Ditto Looper x4,mm77,,,2,,,,,,,,,,,,,,,,,,,,,,,,,,,,0,,,6500,0
55,Tc Electronic Flashback Delay & Looper,55,2,,15,0,,,,3699.99,,,,,,,,,,,,,,,,,,,,,,,0,,,3600,0
xx69,Tc Electronic Flashback Mini Delay,xx69,1,,3,1,,1,,2999.99,2799,2899,2715.03,2715.03, Pedal p/ guitarra Oferta - Hay stock!,Tc Electronic Flashback Mini Delay pedal flash back guitarra,,2999,1,,,,,,,,,,,,,,1,,,2600,2600
xx37,Tc Electronic Flashback X4 Delay Looper,xx37,2,,11,0,0,,,,,,,,,,,,,,,,,,,,,,,,,,0,,,5649,0
xx61,Tc Electronic G-Major 2,xx61,,,1,,,,,,,,,,,,,,,,,,,,,,,,,,,,0,,,MP-USADOS,0
xx12,Tc Electronic Hall of Fame Reverb,xx12,0,,15,,,,,,,,,,,,,,,,,,,,,,,,,,,,0,,,3599,0
xx73,Tc Electronic Hall of Fame Reverb Mini,xx73,,,2,,,,,2950.00,,,,,,,,,,,,,,,,,,,,,,,0,,,2699,0
zz25,TC Electronic Helix Phaser,zz25,,,1,,,,,,,,,,,,,,,,,,,,,,,,,,,,0,,,3750,0
ZNZ-21,TC Electronic Mojo Mojo Overdrive,ZNZ-21,,,1,,,,,,,,,,,,,,,,,,,,,,,,,,,,,,,,
mm26,Tc Electronic Nd-1 Nova delay,mm26,,,0,,,,,,,,,,,,,,,,,,,,,,,,,,,,0,,,,0
33,Tc Electronic Nova System,33,,,4,,,,,,,,,,,,,,,,,,,,,,,,,,,,0,,,10800,0
50,Tc Electronic Polytune 2,50,4,,11,1,,0,,2450.00,,,,,,,,,,,,,,,,,,,,,,,0,,,2750,0
mm9,Tc Electronic Polytune 2 Black,mm9,,,0,,,,,,,,,,,,,,,,,,,,,,,,,,,,0,,,,0
mm14,Tc Electronic Polytune 2 Black,mm14,,,0,,,,,,,,,,,,,,,,,,,,,,,,,,,,0,,,,0
60,Tc Electronic Polytune 2 Mini,60,4,,12,,0,,,2299.99,,,,,,,,,,,,,,,,,,,,,,,0,,,,0
,,,,,708,,0,,,,,,,,,,,,,,,,,,,,,,,,,,0,,,,0
zz34,Tc electronic Polytune Clip,zz34,,,2,,,,,,,,,,,,,,,,,,,,,,,,,,,,0,,,1400,0
mm17,tc electronic Rh450,mm17,,,3,,,,,,,,,,,,,,,,,,,,,,,,,,,,0,,,16100,0
mm58,Tc Electronic Rottweiler,mm58,0,,1,,,,,,,,,,,,,,,,,,,,,,,,,,,,0,,,3350,0
zz5,TC Electronic Sentry,zz5,1,,2,0,,,,3899.99,,,,,,,,,,,,,,,,,,,,,,,0,,,3299,0
zz44,Tc Electronic Sentry Multiband Noise,zz44,,,0,,,,,,,,,,,,,,,,,,,,,,,,,,,,0,,,,0
zz15,Tc Electronic Sentry Multiband Noise G,zz15,,,0,,,,,,,,,,,,,,,,,,,,,,,,,,,,0,,,,0
mm83,Tc Electronic Shaker mini vibrato,mm83,,,0,,,,,,,,,,,,,,,,,,,,,,,,,,,,0,,,,0
mm66,Tc electronic spark booster,mm66,0,,1,,,,,,,,,,,Tc electronic spark booster Pedal - Oferta!,,,,1,3990,,3591,3499,8,#N/A,https://www.gpanagopoulos.com/eshop/images/detailed_images/spark.jpg,#N/A,#N/A,#N/A,,,0,3990,,2950,0
mm39,Tc Electronic spark mini,mm39,0,,4,,,,,,,,,,,,,,,,,,,,,,,,,,,,0,,,1750,0
zz27,TC Electronic T2 Reverb,zz27,,,4,,0,,,,4199,4599,,,,,,4646,0,,,,,,,,,,,,,,0,,,3799,0
,TC Electronic T2 Reverb,,,,4,,0,,,,,,,,,,,,0,,,,,,,,,,,,,,0,,,3799,0
zz51,TC Electronic Viscous VV Vibe Vibrato,zz51,,,1,,,,,,,,,,,,,,,,,,,,,,,,,,,,0,,,3000,0
mm38,Tc Electronic Vortex Flanger,mm38,,,0,,,,,,,,,,,,,,,,,,,,,,,,,,,,0,,,,0
mm22,Tc helicon Ditto Mic looper,mm22,1,,3,1,,0,,3499.99,,,,,,Tc helicon Ditto Mic looper pedal p/ microfono c/gtia!,,,,1,3909,,3518.1,3499,29,Tc helicon Ditto Mic looper Pedal p/ microfono Hay Stock!,http://www.intermusic-pro.com/upload/productos/tc-electronic_ditto-mic-looper_303.jpg,Tc helicon Ditto Mic looper Pedal p/ microfono Hay Stock!,http://www.intermusic-pro.com/upload/productos/tc-electronic_ditto-mic-looper_303.jpg,https://content.sparkstone.co.uk/3/1/images/catalog/i/xl_32253-800-TC-Helicon-DITTO-MIC-Looper-Front.jpg,,,0,3909,,2799,0
mm13,TC Helicon Harmony Singer,mm13,2,,8,2,,0,,6399.99,,,,,,,,,,,,,,,,,,,,,,,0,,,,0
zz68,TC Helicon MP 75,zz68,1,,5,0,3,,,,2699,2999,2939.1,2939.1,Tc helicon Mp 75 Microfono dinámico mp75 Oferta - Hay stock!,#N/A,,3030,3,,,,,,,,,,,,,,3,,,2199,6597
mm89,TC Helicon Mp-75,mm89,,,0,,,,,,,,,,,TC Helicon Mp-75 Microfono Mp75 c/ garantia!,,,,4,3990,,3591,3499,9,TC Helicon Mp-75 Oferta - Hay stock!,https://news.musicstore.de/wp-content/uploads/2010/11/TC_MP_800.jpg,TC Helicon Mp-75 Oferta - Hay stock!,https://news.musicstore.de/wp-content/uploads/2010/11/TC_MP_800.jpg,http://cdns3.gear4music.com/media/2/28916/1200/preview.jpg,,,0,15960,,,0
,TC Helicon MP75,,,,0,,2,,,,,,,,,,,,,,,,,,,,,,,,,,,,,,0
zz58,Tc Helicon Mp75 Mic,zz58,,,0,,,,,,,,,,,,,,,,,,,,,,,,,,,,0,,,,0
zz19,TC Helicon Perform V,zz19,,,3,,,,,,,,,,,,,,,,,,,,,,,,,,,,0,,,5199,0
zz75,TC Helicon Perform VK,zz75,,,1,,,,,,,,,,,,,,,,,,,,,,,,,,,,0,,,9499,0
mm50,TC Helicon Play acoustic,mm50,0,,6,,,,,,,,,,,,,,,,,,,,,,,,,,,,0,,,6800,0
mm63,Tc helicon play electric,mm63,0,,4,,,,,,,,,,,,,,,,,,,,,,,,,,,,0,,,7290,0
ZNZ-9,Tc Helicon Switch 6,ZNZ-9,,,1,,,,,,,,,,,,,,,,,,,,,,,,,,,,0,,,2399,0
xx81,TC Helicon VoiceLive 3,xx81,,,23,,,,,,,,,,,,,,,,,,,,,,,,,,,,0,,,14800,0
ZNZ-10,TC Helicon Voicelive 3 EXTREME,ZNZ-10,,,1,,,,,,,,,,,,,,,,,,,,,,,,,,,,,,,,
mm19,tc helicon voicelive play,mm19,3,,35,1,,1,,5900.00,4799,7699,9254.77,9254.77, Pedal p/ mic Oferta - Hay stock!,tc helicon voicelive play pedalera voice live en caja c/gtia,,7799,1,,,,,,,,,,,,,,1,,,,0
xx35,TC Helicon Voicelive Touch,xx35,,,3,,,,,,,,,,,,,,,,,,,,,,,,,,,,0,,,9099,0
mm6,Tc Helicon Voicelive Touch 2,mm6,,,12,,0,,,,16499,17299,,,,,,17669,,,,,,,,,,,,,,,0,,,13799,0
xx25,Tc Helicon Voicetone C1 Hardtune,xx25,,,1,,,,,,,,,,,,,,,,,,,,,,,,,,,,0,,,3799,0
mm18,Tc helicon voicetone correct xt,mm18,0,,3,2,,2,,7899.99,7999,8999,7759.03,7759.03, Pedal p/ mic Oferta - Hay stock!,Tc helicon voicetone correct xt Pedal p/ afinar voces !,,9092,2,1,8500,,7650,7599,10,Tc helicon voicetone correct xt Pedal p/ mic Hay Stock!,http://www.sweetwater.com/images/items/750/VTCorrectXT-large.jpg,Tc helicon voicetone correct xt Pedal p/ mic Hay Stock!,http://www.sweetwater.com/images/items/750/VTCorrectXT-large.jpg,http://www.musik-produktiv.es/pic-010049092_01xl/tc-helicon-voicetone-correct-xt_01xl.jpg,,,2,8500,,MP-USADOS,0
xxx-17,Tc Helicon Voicetone Create Xt,xxx-17,,,0,,,,,,,,,,,,,,,,,,,,,,,,,,,,0,,,,0
xx24,Tc Helicon Voicetone D1,xx24,1,,3,1,,,,5099.99,,,,,,Tc Helicon Voicetone D1 Pedal Voice Tone R1 H1 C1 E1 C/Gtia!,,,,1,4800,,4320,4299,B-4,Tc Helicon Voicetone D1 Doubler Pedal Oferta - Hay stock!,http://www.pop-music.ru/upload/catalog/max/888880011526-917.jpg,Tc Helicon Voicetone D1 Doubler Pedal Oferta - Hay stock!,http://www.pop-music.ru/upload/catalog/max/888880011526-917.jpg,http://www.effectpowersupplies.com/ekmps/shops/stompbox/images/tc-helicon-voicetone-d1-doubling-detune-free-delivery-1718-p.jpg,,,0,4800,,MP-USADOS,0
xx39,Tc Helicon Voicetone E1,xx39,1,,12,1,0,,,4299.99,,,,,,Tc Helicon Voicetone E1 Echo Y Tap Delay Pedal C1 D1 C/Gtia!,,,,1,4100,,3690,3599,B-5,Tc Helicon Voicetone E1 Delay Pedal Oferta - Hay stock!,http://www.prodj.com.ua/img/img1b/2013/03/20130301112208.jpg,Tc Helicon Voicetone E1 Delay Pedal Oferta - Hay stock!,http://www.prodj.com.ua/img/img1b/2013/03/20130301112208.jpg,http://www.fairdealmusic.co.uk/media/descriptions/553533d1e148b-VoiceTone-E1.jpg,,,0,4100,,3300,0
xx17,Tc Helicon Voicetone H1,xx17,0,,6,1,,0,,,,,,,,,,,,,,,,,,,,,,,,,0,,,MP-USADOS,0
xx45,TC Helicon VoiceTone Harmony G-XT,xx45,,,5,,0,,,,6799,7899,,,,,,7946,0,,,,,,,,,,,,,,0,,,6399,0
xx50,Tc Helicon Voicetone Mic Mechanic,xx50,,,8,,0,,,,,,,,,,,,,,,,,,,,,,,,,,0,,,4150,0
xx20,Tc Helicon Voicetone R1 Reverb,xx20,0,,8,,0,,,,2999,3099,,,,,,3167,0,,,,,,,,,,,,,,0,,,2849,0
xx29,Tc Helicon Voicetone T1 Adaptative tone,xx29,1,,5,1,,,,3099.99,,,,,,,,,,,,,,,,,,,,,,,0,,,3799,0
mm15,Tc Helicon Voicetone X1,mm15,,,3,,,,,,,,,,,,,,,,,,,,,,,,,,,,0,,,3000,0
zzz-1,Tech 21 RK5 Ritchie Kotzen Fly Rig,zzz-1,,,6,,2,,,,8999,12299,#N/A,#N/A,Tech 21 Rk5 Ritchie Kotzen Fly Rig Pedalera p/guitarra ,#N/A,,12598,2,2,9099,,8189.1,8099,11,Tech 21 Rk5 Ritchie Kotzen Fly Rig Pedalera p/guitarra,https://www.thomann.de/pics/bdb/353296/9776688_800.jpg,Tech 21 Rk5 Ritchie Kotzen Fly Rig Pedalera p/guitarra,https://www.thomann.de/pics/bdb/353296/9776688_800.jpg,http://www.doremishop.vn/public/images/product/img9625725886.jpg,,,2,18198,,6149,12298
mm88,Tech 21 SansAmp GT2,mm88,,,2,,,,,,,,,,,,,,,,,,,,,,,,,,,,0,,,3899,0
mm80,Tech 21 SansAmp Programable bass Driver DI,mm80,2,,3,2,,0,,6299.99,,,,,,,,,,,,,,,,,,,,,,,0,,,6249,0
xx27,Trascend Sd 16gb,xx27,,,0,,,,,,,,,,,,,,,,,,,,,,,,,,,,0,,,,0
,Universal Audio Apollo Twin Thunderbolt,,,,0,,,,,,,,,,,#N/A,,,,1,23500,,21150,21099,B-10,Universal Audio Apollo Twin duo Thunderbolt audio - Oferta!!,https://static.altomusic.com/media/catalog/product/A/P/APTWSTB5-0.jpg,,#N/A,http://mscgr.com/wordpress/wp-content/uploads/2015/10/best-thunderbolt-interface-UA-Apollo-Twin.jpg,,,,23500,,,
,Universal Audio Solo 610,,,,0,,,,,,,,,,,#N/A,,,,1,31289,,28160.1,28099,31,Universal Audio Solo 610,#N/A,,#N/A,#N/A,,,,,,,
58,Vapir Bateria,58,,,0,,,,,,,,,,,,,,,,,,,,,,,,,,,,0,,,,0
57,Vapir Filtros x60,57,,,0,,,,,,,,,,,,,,,,,,,,,,,,,,,,0,,,,0
xx13,Vapir No2,xx13,,,0,,,,,,,,,,,,,,,,,,,,,,,,,,,,0,,,,0
xx48,Vapir Rise 2.0,xx48,,,0,,,,,,,,,,,,,,,,,,,,,,,,,,,,0,,,,0
xxx-29,Vox Delaylab,xxx-29,,,5,,,,,,,,,,,,,,,,,,,,,,,,,,,,0,,,3899,0
mm75,Xotic effects Ep Booster,mm75,2,,10,0,,,,3099.99,,,,,,,,,,,,,,,,,,,,,,,0,,,3050,0
ZNZ-64,Xotic SP Compressor,ZNZ-64,,,4,,,,,,,,,,,,,,,1,,,,,,,,,,,,,,,,,
xxx-16,xxxx,xxx-16,,,0,,,,,,,,,,,,,,,,,,,,,,,,,,,,0,,,,0
zz17,YAMAHA P115B,zz17,,,1,,,,,,,,,,,,,,,,,,,,,,,,,,,,0,,,20799,0
ZNZ-38,Yamaha Yev-104nt 4 String,ZNZ-38,,,1,,,,,,,,,,,,,,,,,,,,,,,,,,,,,,,,
xxx-24,Zoom B3,xxx-24,,,0,,,,,,,,,,,,,,,,,,,,,,,,,,,,0,,,,0
xxx-25,Zoom G3x,xxx-25,,,0,,,,,,,,,,,,,,,,,,,,,,,,,,,,0,,,,0
zz46,Zoom G5n,zz46,,,7,,2,,,,8699,9099,8989.96,8989.96,Zoom G5n Pedalera p/ guitarra Oferta - Hay stock!,#N/A,,9268,2,1,9265,,8338.5,8299,12,Zoom G5n Pedalera p/ guitarra Oferta - Hay stock!,https://www.zoom-na.com/sites/default/files/products/downloads/images/Zoom_G5n_SlantLeft.jpg,Zoom G5n Pedalera p/ guitarra Oferta - Hay stock!,https://www.zoom-na.com/sites/default/files/products/downloads/images/Zoom_G5n_SlantLeft.jpg,https://www.zoom-na.com/sites/default/files/products/downloads/images/Zoom_G5n_rear1.jpg,,,2,9265,,7299,14598
35,Zoom H1,35,5,,10,4,,,,2590.00,,,,,,,,,,,,,,,,,,,,,,,0,,,2899,0
42,Zoom H2n,42,,,0,,,,,,,,,,,,,,,,,,,,,,,,,,,,0,,,,0
34,Zoom H2n Accesory Pack,34,,,0,,,,,,,,,,,,,,,,,,,,,,,,,,,,0,,,,0
36,Zoom H4n,36,,,1,,,,,,,,,,,,,,,,,,,,,,,,,,,,0,,,5799,0
ZNZ-24,Zoom H4n Pro,ZNZ-24,,,1,,,,,,,,,,,,,,,,,,,,,,,,,,,,,,,,
xx4,Zoom H5,xx4,,,6,,,1,,,,,,,,Zoom H5 + Memoria 2gb + Protective Case Grabador - H4n H6,,,,0,7959,,7163.1,7099,B-6,Zoom H5 Grabador Digital + sd 2gb Oferta - Hay stock!,http://www.drumpower.com.au/images/productslarge/F1294CC5-F39B-4927-9590-8EAF60B776A8_1.jpg,Zoom H5 Oferta - Hay stock!,http://www.drumpower.com.au/images/productslarge/F1294CC5-F39B-4927-9590-8EAF60B776A8_1.jpg,http://static.bhphoto.com/images/images500x500/zoom_zoom_h5_on_camera_package_1432916464000_1026852.jpg,,,1,,,6199,6199
xx5,Zoom H6,xx5,3,,16,1,,0,,9299.99,,,,,,Zoom H6 Grabador Digital Usb + Sd 2Gb Tascam Dr liquidacion!,,,,2,12699,,11429.1,11399,13,Zoom H6 Grabador usb +sd 2gb Oferta - Hay stock!,http://i.ebayimg.com/images/g/vakAAOSwP~tW6FYE/s-l1600.jpg,Zoom H6 Grabador usb +sd 2gb Oferta - Hay stock!,http://www.stevesmusic.com/images/recording/43854.jpg,http://www.stevesmusic.com/images/recording/43854.jpg,,,0,25398,,600usd,0
ZNZ-18,Zoom H6 ACCESSORY PACK,ZNZ-18,,,1,,,,,,,,,,,,,,,,,,,,,,,,,,,,,,,,
xx63,Zoom iQ5,xx63,,,0,,,,,,,,,,,,,,,,,,,,,,,,,,,,0,,,,0
xx72,Zoom MS-50G MultiStomp,xx72,,,0,,,,,,,,,,,,,,,,,,,,,,,,,,,,0,,,,0
mm81,Zoom MS-60B MultiStomp,mm81,,,1,,,,,,,,,,,,,,,,,,,,,,,,,,,,0,,,2799,0
xx32,Zoom Q2HD,xx32,,,0,,,,,,,,,,,,,,,,,,,,,,,,,,,,0,,,,0
xx51,Zoom Q4,xx51,,,0,,,,,,,,,,,,,,,,,,,,,,,,,,,,0,,,,0
zz4,Zoom Q4n,zz4,2,,3,2,,0,,10699.99,7699,9799,12168.65,12168.65,Zoom Q4n Filmadora Grabadora Q4-n Oferta - Hay stock!,#N/A,,9850,0,,,,,,,,,,,,,,0,,,8499,0
mm86,Zoom Q8,mm86,0,,4,,1,,,,10999,12499,#N/A,#N/A,#N/A,Zoom Q8 Grabador digital Filmadora audio video hd c/gtia !!,,"12799,99",1,1,14218,,12796.2,12699,15,#N/A,http://www.bax-shop.nl/images/ZOOM_Q8_nieuws.jpg,#N/A,#N/A,#N/A,,,1,14218,,9399,0
mm46,Zoom R16,mm46,0,,5,1,,,,11399.99,,,,,,,,,,,,,,,,,,,,,,,0,,,8299,0
xxx-34,Zoom R24,xxx-34,1,,2,1,,0,,#REF!,15899,16099,,,,,,16300,,,,,,,,,,,,,,,0,,,14399,0
mm7,Zoom R8,mm7,1,,4,0,0,,,,,,,,,,,,,,,,,,,,,,,,,,0,,,7000,0
xx64,Zoom SGH-6,xx64,,,1,,,,,,,,,,,,,,,,,,,,,,,,,,,,0,,,2999,0
zz3,Zoom Tac-2,zz3,1,,0,1,,,,8999.99,,,,,,#N/A,,,,1,6000,,5400,5399,B-7,Zoom Tac-2 Thunderbolt Placa Tac2 Oferta - Hay stock!,https://files.soniccdn.com/imagehosting/3a/zoom_tac-2_16449_640.jpg,Zoom Tac-2 Thunderbolt Placa Tac2 Oferta - Hay stock!,https://files.soniccdn.com/imagehosting/3a/zoom_tac-2_16449_640.jpg,https://s-media-cache-ak0.pinimg.com/736x/27/68/9f/27689ffc288c29b5ffc0cb540dc292d0.jpg,,,0,6000,,,0
mm59,Zoom UAc2,mm59,,,2,,,,,,,,,,,,,,,,,,,,,,,,,,,,0,,,6350,0
,,,,,708,,,,,,,,,,,,,,,,,,,,,,,,,,,,,,,,0
,,,,,,,,,,,,,,,,,,,,,,,,,,,,,,,,,0,,,#N/A,
,,,,,,,,,,,,,,,,,,,,,,,,,,,,,,,,,0,,,#N/A,
,,,,,,,,,,,,,,,,,,,,,,,,,,,,,,,,,0,,,#N/A,
,,,,,,,,,,,,,,,,,,,,,,,,,,,,,,,,,0,,,#N/A,
,,,,,,,,,,,,,,,,,,,,,,,,,,,,,,,,,0,,,#N/A,
,,,,,,,,,,,,,,,,,,,,,,,,,,,,,,,,,0,,,#N/A,
,,,,,,,,,,,,,,,,,,,,,,,,,,,,,,,,,0,,,#N/A,
,,,,,,,,,,,,,,,,,,,,,,,,,,,,,,,,,0,,,#N/A,
,,,,,,,,,,,,,,,,,,,,,,,,,,,,,,,,,0,,,#N/A,
,,,,,,,,,,,,,,,,,,,,,,,,,,,,,,,,,,,,,
,,,,,,,,,,,,,,,,,,,,,,,,,,,,,,,,,,,,,
,,,,,,,,,,,,,,,,,,,,,,,,,,,,,,,,,,,,,
,,,,,,,,,,,,,,,,,,,,,,,,,,,,,,,,,,,,,
,,,,,,,,,,,,,,,,,,,,,,,,,,,,,,,,,,,,,
,,,,,,,,,,,,,,,,,,,,,,,,,,,,,,,,,,,,,
,,,,,,,,,,,,,,,,,,,,,,,,,,,,,,,,,,,,,
,,,,,,,0,,,,1899,1950,#N/A,,#N/A,#N/A,,1999,0,,,,,,,,,,,,,,1,,,,
,,,,,,,0,,,,,,,,,,,,,,,,,,,,,,,,,,,,,,
,,,,,,,0,,,,,,,,,,,,,,,,,,,,,,,,,,,,,,
,,,,,,,0,,,,,,,,,,,,,,,,,,,,,,,,,,,,,,
,,,,,,,1,,,,,,,,,,,,,,,,,,,,,,,,,,,,,,
,,,,,,,4,,,,,,,,,,,,,,,,,,,,,,,,,,,,,,
,,,,,,,0,,,,,,,,,,,,,,,,,,,,,,,,,,,,,,
,,,,,,,1,,,,,,,,,,,,,,,,,,,,,,,,,,,,,,
,,,,,,,1,,,,,,,,,,,,,,,,,,,,,,,,,,,,,,
,,,,,,,1,,,,,,,,,,,,,,,,,,,,,,,,,,,,,,
