"categoria, categoriaml, marca, modelo, modelo2*?, modelo 3*?",Marca,Modelo,Categoría 1,CAT ML,Descripcion,Peso en Kg,peso c/ +,Pesado x mi,,Ancho,Largo (cm),Profundidad,Cod item (Rep),Precio USA,,Recauchitado viejo,Prioridad,Modelo2,Modelo3,TIPO,titulo viejo,Peso en Kg,Cant,CONTENIDO PAQUETE,,ESCRIBIR,LARGO,palabra clave 1,palabra clave 2,palabra clave 3,,Descrip corta 1,descrip corta 2,WEB OFICIAL,MANUAL,Origen,CODIGO ITEM,,,,Cat,cat 2,Sub categoria,Descripcion,,,,Categorias,Categorias INOVAMUSICNET
1,Akai,Apc 40 Mkii,Controlador Usb,Controladores,Controlador Midi usb p/ Ableton Live,"3,735",,SI,"0,01",40,23,14,1,199,199,1,B,Apc40,,Controlador Midi usb p/ Ableton Live,Akai Apc40 Controlador Ableton Live Usb 40 Pads - Apc - 40,"3,74",#REF!,"(1) Akai APC40
(1) Ableton Live APC Edition CD
(1) USB Cable
(1) Manual",si,Akai Apc 40 / Apc40 Controlador p/ Ableton Live Nuevo c/gtia,60,apc 40,,,Controlador,Controlador Midi Usb para el Ableton Live,Controlador Akai para Ableton Live,http://www.akaipro.com/product/apc40,http://6be54c364949b623a3c0-4409a68c214f3a9eeca8d0265e9266c0.r0.cf2.rackcdn.com/754/documents/apc40___quickstart_guide___revd_1_.pdf,Fabricado en Malasia,1,Akai,Apc 40,Akai Apc 40,Recording,DJ,Controlador Usb,Controlador Midi usb p/ Ableton Live,,,,Recording,Grabacion
2,Akai,Ewi Usb,Controlador Usb,Controladores,Controlador midi usb de viento,"1,265",,SI,"0,01",68,15,10,2,269,269,2,C,,,Controlador midi usb de viento,Akai Ewi Usb Controlador Electronico De Viento - Flauta USB,"1,27",#REF!,"(1) EWI USB
 (1) USB Cable
 [USB Powered]
 (1) Aria Software DVD
 (1) Neck Strap
 (1) Cleaning Cloth
 (1) User Guide (Printed)",si,,,Ewi usb,,,Controlador,Controlador midi simulador de instrumento de viento,intrumento de viento controlador usb,http://www.akaipro.com/product/ewiusb,http://6be54c364949b623a3c0-4409a68c214f3a9eeca8d0265e9266c0.r0.cf2.rackcdn.com/493/documents/ewi_usb_quickstart_manual_reve_00.pdf,Fabricado en TAIWAN,2,Akai,Ewi Usb,Akai Ewi Usb,Recording,,Controlador Usb,Controlador midi usb de viento,,,,Dj,Equipos DJ
xx2,Akg,C214,Microfono condenser,Electronica audio video otros,Microfono Condenser Cardioide,"1,4",,SI,"0,01","28,8","22,7","9,7",xx2,252,350,xx2,,,,,,,#REF!,"(1) C214 Microphone
 (1) H85 Shockmount
 (1) Hard Shell Road Case
 (1) W214 Windscreen",si,,,,,,,,,,,,xx2,Akg,C214,Akg C214,Recording,Voces,Microfono condenser,Microfono Condenser Cardioide,,,,Guitarra y Bajo,Guitarra/Bajo
xx10,Akg,Perception 420,Microfono condenser,Electronica audio video otros,,"1,855",,SI,"0,01",22,23,14,xx10,181,181,xx10,,,,,,,#REF!,,,,,,,,,,,,,,xx10,Akg,Perception 420,Akg Perception 420,Recording,Voces,Microfono condenser,,,,,Voces,Voces
xx75,Alesis,Vortex Wireless,Teclado controlador Usb,Controladores,,"4,51",,SI,"0,04","95,5","31,2","12,2",xx75,180,180,xx75,,,,,,,#REF!,"(1) Vortex Wireless Keytar
 (1) USB Wireless Receiver
 (1) USB Extension Cable
 (1) USB Cable
 (1) Strap
 (1) Cable Harness
 (1) Ableton Live Lite, SONiVOX Vortex-I (Download), and AIR Music Tech's Ignite (Download)
 (1) Quickstart Guide
 (1) Safety & Warranty Manual",si,,,,,,,,,,,,xx75,Alesis,Vortex Wireless,Alesis Vortex Wireless,,,Teclado controlador Usb,,,,,,
xx31,Apogee,Jam,Placa de audio Usb,Placas USB - Firewire,,"0,195",,SI,0,13,"20,5","3,5",xx31,87,87,xx31,,,,,,,#REF!,,,,,,,,,,,,,,xx31,Apogee,Jam,Apogee Jam,,,Placa de audio Usb,,,,,Vivo,Vivo
xx80,ARIZER,SOLO,,Electronica audio video otros,,"0,53",,SI,0,13,13,"14,7",xx80,120,120,xx80,,,,,,,#REF!,,,,,,,,,,,,,,xx80,ARIZER,SOLO,ARIZER SOLO,,,,,,,,,
49,Art,Dual Pre,Placa de audio Usb,Placas USB - Firewire,Placa Usb Interfaz de audio / sonido,"0,68",,SI,0,,,,49,75,75,49,A,,,Placa Usb Interfaz de audio / sonido,,"0,68",#REF!,"(1) ART USB Dual Pre
 (1) USB Cable
 (1) Software Installation CD
 (1) Owner's Manual",si,"Art Usb Dual Pre Project Series 2 Canales Mic, Preamp Amp",58,dual pre,,,Placa de sonido externa,Placa de sonido externa usb con 2 preamplificadores,Placa interfaz de audio usb con 2 preamps,http://artproaudio.com/discontinued_products/discontinued_products/product/usb_dual_pre/,,Diseñado en USA y Fabricado en China,49,Art,Dual Pre,Art Dual Pre,Recording,Interfaces de audio,Placa de audio Usb,Placa Usb Interfaz de audio / sonido,,,,Vaporizadores,
3,Audio Technica,AT2020,Microfono condenser,Electronica audio video otros,Microfono Condenser Cardioide,"0,805",,SI,0,,,,3,99,99,3,A,AT 2020,,Microfono Condenser Cardioide,Audio Technica AT2020 Microfono condenser cardioide,"0,81",#REF!,"(1) Audio-Technica AT2020
 (1) Mount
 (1) Carry Bag
 (1) Manual",si,,,At2020,at 2020,at-2020,Microfono,Microfono Condenser Cardioide,Microfono de Condensador,http://www.audio-technica.com/cms/wired_mics/18f81a43e6005fcf/index.html,http://www.audio-technica.com/cms/resource_library/literature/f0194253304c9b8d/at2020_spanish.pdf,Diseñado en Japon y Fabricado en China,3,Audio Technica,AT2020,Audio Technica AT2020,Recording,Voces,Microfono condenser,Microfono Condenser Cardioide,,,,"fotografia, deporte y hogar","Fotografia, deporte y hogar"
4,Audio Technica,ATH-M2X,Auriculares,Auriculares,Auriculares Stereo Open-Back / Abiertos,"0,325",,SI,0,,,,4,19,19,4,C,ATH M2X,,Auriculares Stereo Open-Back / Abiertos,Audio Technica ATH-M2X Auriculares Estereo tamaño medio,"0,33",#REF!,,,,,ATH-m2x,ath m2x,,Auriculares,Auriculares Dinámicos Stereo Abiertos y de Tamaño Medio,Auriculares Open Back Dynamic Stereo,http://www.audio-technica.com/cms/headphones/04a194775fb38dc1/index.html,,Fabricado en Taiwan,4,Audio Technica,ATH-M2X,Audio Technica ATH-M2X,Recording,Auriculares,Auriculares,Auriculares Stereo Open-Back / Abiertos,,,,Accesorios,Accesorios
5,Avid,Mbox 3 Mini,Placa de audio Usb,Placas USB - Firewire,Placa Usb Interfaz de audio / sonido,"1,47",,SI,"0,01","25,5",24,10,5,200,200,5,B,,,Placa Usb Interfaz de audio / sonido,Avid Mbox 3 mini Placa interfaz de audio sin software,"1,51",#REF!,"(1) Mbox Interface
 (1) USB cable
 (1) User Guide
 (1) Registration Card",si,Avid Mbox 3 Mini Placa de sonido Usb - nuevo c/ Gtia en Arg!,60,mbox 3 mini,mbox mini,,Placa de sonido externa,Placa de sonido externa usb de alta gama,Placa de sonido usb,,,Fabricado en China,5,Avid,Mbox 3 Mini,Avid Mbox 3 Mini,Recording,Interfaces de audio,Placa de audio Usb,Placa Usb Interfaz de audio / sonido,,,,,
xx16,Avid,Fast track solo + PT express,Placa de audio usb 2.0,Placas USB - Firewire,,1,,SI,0,,,,xx16,89,89,xx16,,,,,,,#REF!,,,,,,,,,,,,,,xx16,Avid,Fast track solo + PT express,Avid Fast track solo + PT express,Recording,Interfaces de audio,Placa de audio usb 2.0,,,,,,
6,Behringer,Ada 8000,Conversor A/D & D/A,Electronica audio video otros,Preamplificador conversor Ad/Da & Adat 8 ch,"3,58",,SI,"0,02",31,53,11,6,179,179,6,B,Ada8000,,Preamplificador conversor Ad/Da & Adat 8 ch,Behringer Ada 8000 Preamplificador/convert. analogo/digital,"3,59",#REF!,"(1) ADA8000
 (1) F14 Mic
 (1) Behringer Sticker
 (1) Warranty Registration Card
 (1) Printed Quick Start Guide
 (1) Owner's Manual",si,Behringer Ada 8000 / ada8000 - nuevo con gtia en Argentina!,59,Ada 8000,Ada8000,,Conversor A/D & D/A,Conversor A/D & D/A de 8 canales con preamplificadores de microfono Premium e interfaz ADAT,Conversor analogico digital A/D & D/A - 8 canales,http://www.behringer.com/EN/Products/ADA8000.aspx,http://www.behringer.com/assets/ADA8000_M_ES.pdf,Fabricado en China,6,Behringer,Ada 8000,Behringer Ada 8000,Recording,Conversor A/D & D/A,Conversor A/D & D/A,Preamplificador conversor Ad/Da & Adat 8 ch,,,,,
7,Behringer,Bcd 3000,Controlador DJ usb,Controladores,Mixer controlador usb p/ Dj,"3,215",,SI,"0,02",38,38,16,7,80,80,7,A,Bcd3000,,Mixer controlador usb p/ Dj,Behringer Bcd 3000 Dj controlador mixer USB,"3,22",#REF!,"(1) BCD3000
 (1) Traktor LE 2 CD
 (1) USB Cable
 (1) Behringer Sticker
 (1) Warranty Registration Card
 (1) Manual",si,Behringer Bcd 3000 / Bcd3000 - Nuevo con gtia en Argentina!,59,Bcd 3000,Bcd3000,,Controlador DJ,Controladro midi para DJ - Scratch Mp3 como Vinilos,Controlador para Deejay,http://www.behringer.com/EN/Products/BCD3000.aspx,http://www.behringer.com/assets/BCD3000_M_ES.pdf,Fabricado en China,7,Behringer,Bcd 3000,Behringer Bcd 3000,DJ,,Controlador DJ usb,Mixer controlador usb p/ Dj,,,,,
xx49,Bose,Soundlink III,Parlante Portatil,Parlante Portatil,,"2,06",,SI,"0,01","33,5","18,5","14,5",xx49,270,270,xx49,,Sound Link III,,,,,#REF!,,,,,,,,,,,,,,xx49,Bose,Soundlink III,Bose Soundlink III,fotografia y hogar,,Parlante Portatil,,,,,,
xx33,Davinci,Portable Black Vaporizer GEN 1,Vaporizador,Vaporizador,,"0,485",1,SI,0,,,,xx33,104,104,xx33,,,,,,,#REF!,"(1) Vaporizer
 (1) Cleaning Brush
 (1) 110v-240v Wall Charger
 (1) Flexi Straw
 (1) Pack of 3 Large Replacement Screens and 6 small replacement screens
 (1) 2 Oil Cans
 (1) Instructional Manual, Quickstart Guide and Vaporizer Temperature Guide
 (1) 2 Year Manufacturer Warranty
 (1) Free Snorkel Flexi-straw
 (1) Free Carrying Case
 (1) Free Shipping to US, Canada and EU - See more at: http://www.davincivaporizer.com/davinci-vaporizer-black-bundle/#sthash.q3aWiT5P.dpuf",si,,,,,,,,,,,,xx33,Davinci,Portable Black Vaporizer GEN 1,Davinci Portable Black Vaporizer GEN 1,VAPORIZADORes,"fotografia, deporte y hogar",Vaporizador,,,,,,
xx38,Davinci,Ascent Black,Vaporizador,Vaporizador,,"0,695",1,SI,0,12,15,9,xx38,195,195,xx38,,,,,,,#REF!,,,,,,,,,,,,,,xx38,Davinci,Ascent Black,Davinci Ascent Black,VAPORIZADOR,"fotografia, deporte y hogar",Vaporizador,,,,,,
xx30,Dbx,Driverack Pa+,,Electronica audio video otros,,"3,29",,SI,"0,01","56,5",29,9,xx30,235,235,xx30,,,,,,,#REF!,,,,,,,,,,,,,,xx30,Dbx,Driverack Pa+,Dbx Driverack Pa+,Recording,,,,,,,,
mm5,DBX,Driverack Pa+ 2,,Electronica audio video otros,,"3,145",,,,"56,5",29,9,mm5,340,340,mm5,,,,,,,#REF!,,,,,,,,,,,,,,mm5,DBX,Driverack Pa+ 2,DBX Driverack Pa+ 2,DJ,,,,,,,,
8,Denon,Dn-s1200,Compactera DJ,Compactera Dj Pioneer,Compactera p/ DJ,"3,975",,SI,"0,04",41,24,36,8,387,387,8,B,Dns1200,Dn-s 1200,,Denon DN-S1200 - Compactera profesional MP3 USB,"3,98",#REF!,,,Denon Dn-s1200 / Dns1200 - Nuevo con Garantia en Argentina!,59,Dn-s1200,Dns1200,Dn-s 1200,Compactera DJ,Compactera c/ Scratch para DJ,Compactera para Deejay,http://denondj.com/products/view/dn-s1200,http://b06ba727c886717f9577-fff53f927840131da4fecbedd819996a.r74.cf2.rackcdn.com//1152/documents/DN-S1200_ownersmanual.zip,Fabricado en China,8,Denon,Dn-s1200,Denon Dn-s1200,"fotografia, deporte y hogar",,Compactera DJ,Compactera p/ DJ,,,,,
mm16,Digitech,Vocalist live 5,,Electronica audio video otros,,3,,NO,,,,,mm16,350,350,mm16,,,,,,,#REF!,,,,,,,,,,,,,,mm16,Digitech,Vocalist live 5,Digitech Vocalist live 5,Recording,Interfaces de audio,,,,,,,
xx47,DJI,Phantom Aerial UAV Drone,Drone,Drones,,"2,95",,SI,"0,02",49,34,12,xx47,479,479,xx47,,,,,,,#REF!,,,,,,,,,,,,,,xx47,DJI,Phantom Aerial UAV Drone,DJI Phantom Aerial UAV Drone,Recording,Interfaces de audio,Drone,,,,,,
xx34,Focusrite,Scarlett Solo,Placa de audio Usb 2.0,Placas USB - Firewire,,"0,58",,SI,0,"16,5",14,8,xx34,75,75,xx34,,,,,,,#REF!,,,,,,,,,,,,,,xx34,Focusrite,Scarlett Solo,Focusrite Scarlett Solo,Recording,Interfaces de audio,Placa de audio Usb 2.0,,,,,,
9,Focusrite,Saffire 6,Placa de audio Usb,Placas USB - Firewire,Placa Usb Interfaz de audio / sonido,"1,685",,SI,0,,,,9,200,200,9,A,,,Placa Usb Interfaz de audio / sonido,Focusrite Saffire 6 - Placa de sonido USB,"1,69",#REF!,"(1) Focusrite Saffire 6 USB Interface
 (1) Installer CD
 (1) Focusrite Plug-in Suite
 (1) Xcite+ Pack DVD
 (1) USB Cable
 (4) Adhesive Rubber Feet
 (1) Product Registration Card
 (1) User Guide",si,Focusrite Saffire 6 - Placa usb Nueva con Garantia en Argentina!,64,Saffire 6,,,Placa de sonido externa,Placa de audio externa usb 2.0,Placa de sonido Usb 2.0,http://us.focusrite.com/usb-audio-interfaces/saffire-6-usb,http://d3se566zfvnmhf.cloudfront.net/sites/default/files/downloads/7066/saffire-6-usb-manual-del-usuario.pdf,Diseñado en Inglaterra y Fabricado en China,9,Focusrite,Saffire 6,Focusrite Saffire 6,Recording,Interfaces de audio,Placa de audio Usb,Placa Usb Interfaz de audio / sonido,,,,,
10,Focusrite,Saffire Pro 24,Placa de audio Firewire,Placas USB - Firewire,Placa Firewire Interfaz de audio / sonido,"2,2",2,SI,"0,01","31,5",27,"11,5",10,188,259,10,A,,,Placa Firewire Interfaz de audio / sonido,Focusrite Saffire Pro 24 - Interfaz de audio firewire,"2,23",#REF!,"(1) Saffire Pro 24 Interface
 (1) Firewire cable
 (1) Driver and Software CD
 (1) Xcite+Pack (Incl. Abbleton Live Lite 7)
 Quick Start Guide (Printed)",si,Focusrite Saffire Pro 24 Placa Firewire Nueva c/gtia en Arg!,60,Saffire Pro 24,,,Placa de sonido externa,Placa de audio externa Firewire,Placa de sonido Firewire,http://us.focusrite.com/firewire-audio-interfaces/saffire-pro-24,http://d3se566zfvnmhf.cloudfront.net/sites/default/files/downloads/7095/sp24userguidev13spanish0.pdf,Diseñado en Inglaterra y Fabricado en China,10,Focusrite,Saffire Pro 24,Focusrite Saffire Pro 24,Recording,Interfaces de audio,Placa de audio Firewire,Placa Firewire Interfaz de audio / sonido,,,,,
11,Focusrite,Saffire Pro 24 DSP,Placa de audio Firewire,Placas USB - Firewire,Placa Firewire Interfaz de audio / sonido,"2,24",,SI,"0,01","31,5","26,5","11,5",11,299,299,11,B,,,Placa Firewire Interfaz de audio / sonido,Focusrite Saffire Pro 24 DSP - Placa de audio firewire,"2,27",#REF!,"(1) Saffire Pro 24 DSP Interface
 (1) FireWire cable 96-pin)
 (1) Driver and Software CD
 (4) Self adhesive Rubber Feet
 (1) Xcite+Pack (Incl. Abbleton Live Lite 7)
 (1) Quick Start Guide (Printed)",si,Focusrite Saffire Pro 24 Dsp Placa Firewire Nueva c/ gtia !,59,Saffire Pro 24 DSP,,,Placa de sonido externa,Placa de sonido Firewire con efectos DSP,Placa de sonido Firewire,http://us.focusrite.com/firewire-audio-interfaces/saffire-pro-24-dsp,http://d3se566zfvnmhf.cloudfront.net/sites/default/files/downloads/7044/sp24dspuserguidev14spanish0.pdf,Diseñado en Inglaterra y Fabricado en China,11,Focusrite,Saffire Pro 24 DSP,Focusrite Saffire Pro 24 DSP,Recording,Interfaces de audio,Placa de audio Firewire,Placa Firewire Interfaz de audio / sonido,,,,,
12,Focusrite,Scarlett 2i2,Placa de audio Usb 2.0,Placas USB - Firewire,Placa Usb Interfaz de audio / sonido,"0,855",,SI,0,24,"16,5","9,5",12,112,99,12,A,,,Placa Usb Interfaz de audio / sonido,Focusrite Scarlett 2i2 - Placa de audio USB,"0,86",#REF!,"(1) Focusrite Scarlett 2i2 2 in 2 out USB Audio Interface
 (1) USB Cable
 (1) Getting Started Guide",si,,,2i2,,,Placa de sonido externa,Placa de sonido Usb 2.0,Placa de sonido Usb 2.0,http://us.focusrite.com/usb-audio-interfaces/scarlett-2i2,http://d3se566zfvnmhf.cloudfront.net/sites/default/files/downloads/7317/scarlett-2i2-user-guide1.pdf,Diseñado en Inglaterra y Fabricado en China,12,Focusrite,Scarlett 2i2,Focusrite Scarlett 2i2,Recording,,Placa de audio Usb 2.0,Placa Usb Interfaz de audio / sonido,,,,,
40,Focusrite,Scarlett 2i4,Placa de audio Usb 2.0,Placas USB - Firewire,Placa Interfaz de audio / sonido Usb 2.0,"1,18",1,SI,0,27,"18,5",9,40,157,124,40,A,,,Placa Interfaz de audio / sonido Usb 2.0,,"1,18",#REF!,"(1) Focusrite Scarlett 2i4
 (1) USB Cable [USB Powered]
 (1) Live Lite Software Download Code
 (1) Getting Started Guide",si,,,2i4,,,Placa de sonido externa,Placa de sonido Usb 2.0,Placa de sonido Usb 2.0,http://us.focusrite.com/usb-audio-interfaces/scarlett-2i4,http://d3se566zfvnmhf.cloudfront.net/sites/default/files/focusrite/downloads/8174/scarlett2i4-user-guide.pdf,Diseñado en Inglaterra y Fabricado en China,40,Focusrite,Scarlett 2i4,Focusrite Scarlett 2i4,Recording,Interfaces de audio,Placa de audio Usb 2.0,Placa Interfaz de audio / sonido Usb 2.0,,,,,
47,Focusrite,Scarlett Studio,Pack de grabacción,Electronica audio video otros,Combo de grabación,"2,09",,SI,0,,,,47,150,150,47,B,,,Combo de grabación,,"2,09",#REF!,"(1) Focusrite Scarlett 2i2
 (1) USB Cable
 (1) Scarlett Studio Microphone
 (1) Scarlett Studio Headhpones
 (1) 3m XLR Cable
 (1) Microphone Clip
 (1) Software Download Card
 (1) Cubase LE6 Installation Disc
 (1) Manual",si,,,Scarlett Studio,,,Pack de grabacción,Pack de Grabacion: Placa Scarlett 2i4 + mic + auriculares,Combo Placa Scarlett 2i4 - Microfono y auriculares,http://us.focusrite.com/usb-audio-interfaces/scarlett-studio,http://d3se566zfvnmhf.cloudfront.net/sites/default/files/focusrite/downloads/8311/scarlett-studio-user-guide-english-01.pdf,Diseñado en Inglaterra y Fabricado en China,47,Focusrite,Scarlett Studio,Focusrite Scarlett Studio,Recording,Interfaces de audio,Pack de grabacción,Combo de grabación,,,,,
52,Focusrite,Scarlett 18i20,Interfaz de audio Usb 2.0,Electronica audio video otros,Placa Interfaz de audio / sonido Usb 2.0,"4,62",,SI,"0,02","33,5",60,"8,2",52,290,290,52,A,,,Placa Interfaz de audio / sonido Usb 2.0,,"4,62",#REF!,"(1) Focusrite Scarlett 18i20
 (1) USB Cable
 (1) Software Download Card
 (4) Rubber Feet
 (1) Manual",si,,,Scarlett 18i20,,,Placa de sonido externa,Placa interfaz de audio USB 2.0,Placa de audio profesional USB 2.0,http://us.focusrite.com/usb-audio-interfaces/scarlett-18i20,http://d3se566zfvnmhf.cloudfront.net/sites/default/files/focusrite/downloads/8424/scarlett18i20-user-guide-en_0.pdf,Diseñado en Inglaterra y Fabricado en China,52,Focusrite,Scarlett 18i20,Focusrite Scarlett 18i20,Recording,Interfaces de audio,Interfaz de audio Usb 2.0,Placa Interfaz de audio / sonido Usb 2.0,,,,,
59,Focusrite,Scarlett 6i6,Placa de audio Usb 2.0,Placas USB - Firewire,Placa Interfaz de audio / sonido Usb 2.0,"1,835",,SI,"0,01",27,28,9,59,181,179,59,A,,,Placa Interfaz de audio / sonido Usb 2.0,,"1,84",#REF!,"(1) Focusrite Scarlett 6i6
 (1) USB Cable
 (1) Software Download Card
 (1) Manual",si,,,Scarlett 6i6,,,Placa de sonido externa,Placa de audio externa usb 2.0,Placa de sonido Usb 2.0,http://us.focusrite.com/usb-audio-interfaces/scarlett-6i6,http://d3se566zfvnmhf.cloudfront.net/sites/default/files/focusrite/downloads/9439/scarlett6i6-user-guideen.pdf,Diseñado en Inglaterra y Fabricado en China,59,Focusrite,Scarlett 6i6,Focusrite Scarlett 6i6,Recording,Interfaces de audio,Placa de audio Usb 2.0,Placa Interfaz de audio / sonido Usb 2.0,,,,,
xx11,Focusrite,Liquid Saffire 56,Interfaz de audio Firewire,Electronica audio video otros,,"5,73",,SI,"0,03",60,32,"16,5",xx11,631,631,xx11,,,,,,,#REF!,"(1) Liquid Saffire 56
 (1) Firewire Cable
 (1) Saffire Range Resources CD
 (1) Owner's Manual",si,,,,,,,,,,,,xx11,Focusrite,Liquid Saffire 56,Focusrite Liquid Saffire 56,Recording,Interfaces de audio,Interfaz de audio Firewire,,,,,,
xx19,Focusrite,Saffire Pro 40,Interfaz de audio Firewire,Electronica audio video otros,,"4,97",,SI,"0,02",60,34,12,xx19,339,339,xx19,,,,,,,#REF!,"(1) Saffire Pro 40
 (1) Software Download
 (1) Firewire Cable
 (1) Operating Instructions",si,,,,,,,,,,,,xx19,Focusrite,Saffire Pro 40,Focusrite Saffire Pro 40,Recording,Interfaces de audio,Interfaz de audio Firewire,,,,,,
xx6,Focusrite,Scarlett 18i8,Placa de audio Usb 2.0,Placas USB - Firewire,,"2,365",,SI,"0,01",28,28,11,xx6,241,235,xx6,,,,,,,#REF!,(1) Focusrite Scarlett 18i8 (1) USB Cable(1) Software Download(1) Manual,si,,,,,,,,,,,,xx6,Focusrite,Scarlett 18i8,Focusrite Scarlett 18i8,Recording,Interfaces de audio,Placa de audio Usb 2.0,,,,,,
xx54,Focusrite,iTrack Solo,Placa de audio Usb,Placas USB - Firewire,,"0,8",,SI,0,21,16,9,xx54,72,72,xx54,,,,,,,#REF!,,,,,,,,,,,,,,xx54,Focusrite,iTrack Solo,Focusrite iTrack Solo,"fotografia, deporte y hogar",,Placa de audio Usb,,,,,,
xx55,Focusrite,Forte USB,Placa de audio Usb,Placas USB - Firewire,,"1,375",,SI,0,18,24,"10,5",xx55,450,450,xx55,,,,,,,#REF!,"(1) Focusrite Forte
 (1) Breackout cable
 (1) USB cable
 (1) Guia de inicio
 (1) Software Registration Card",si,,,,,,,,,,,,xx55,Focusrite,Forte USB,Focusrite Forte USB,"fotografia, deporte y hogar",,Placa de audio Usb,,,,,,
mm23,Focusrite,Scarlett solo Studio,,Electronica audio video otros,,"2,005",,,"0,01","44,5",24,12,mm23,161,143,mm23,,,,,,,#REF!,,,,,,,,,,,,,,mm23,Focusrite,Scarlett solo Studio,Focusrite Scarlett solo Studio,Recording,Interfaces de audio,,,,,,,
xx43,GoPro,Hero 4 Silver,Camara Gopro,Gopro,,"0,61",1,SI,0,11,25,10,xx43,307,330,xx43,,,,,,,#REF!,"* Cámara HERO4 Silver con pantalla táctil integrada
 - Carcasa estándar 131’(40m)
 - Puertas traseras Skeleton + táctil
 - Batería recargable
 - Soporte adhesivo curvo
 - Soporte adhesivo plano
 - Hebillas de fácil apertura
 - Brazo de pivote de 3 modos (hardware de montaje)
 - Cable USB",si,,,,,,,,,,,,xx43,GoPro,Hero 4 Silver,GoPro Hero 4 Silver,Recording,Interfaces de audio,Camara Gopro,,,,,,
xx44,GoPro,Hero 4 Black,Camara Gopro,Gopro,,"0,61",1,SI,0,11,25,10,xx44,388,360,xx44,,,,,,,#REF!,"* Cámara HERO4 Black
 - Carcasa estándar 131’(40m)
 - Puerta trasera Skeleton
 - Batería recargable
 - Soporte adhesivo curvo
 - Soporte adhesivo plano
 - Hebillas de fácil apertura
 - Brazo de pivote de 3 modos (hardware de montaje)
 - Cable USB",si,,,,,,,,,,,,xx44,GoPro,Hero 4 Black,GoPro Hero 4 Black,Recording,Interfaces de audio,Camara Gopro,,,,,,
xx60,Lexicon,Alpha,Placa de audio Usb,Placas USB - Firewire,,"1,025",,SI,"0,01","22,5",23,"9,7",xx60,50,50,xx60,,,,,,,#REF!,,,,,,,,,,,,,,xx60,Lexicon,Alpha,Lexicon Alpha,,,Placa de audio Usb,,,,,,
xx66,Lexicon,Omega,Placa de audio Usb 2.0,Placas USB - Firewire,,"2,29",,SI,"0,01","22,3","32,3","14,5",xx66,97,97,xx66,,,,,,,#REF!,,,,,,,,,,,,,,xx66,Lexicon,Omega,Lexicon Omega,Guitarra y Bajo,,Placa de audio Usb 2.0,,,,,,
xx67,Lexicon,Lambda,Placa de audio Usb 2.0,Placas USB - Firewire,,"1,445",,SI,"0,01","23,5","22,3","13,5",xx67,71,100,xx67,,,,,,,#REF!,,,,,,,,,,,,,,xx67,Lexicon,Lambda,Lexicon Lambda,Guitarra y Bajo,,Placa de audio Usb 2.0,,,,,,
xx77,Lg,Hbs-900,Auriculares,Auriculares,,"0,13",,SI,0,,,,xx77,"80,5","80,5",xx77,,,,,,,#REF!,,,,,,,,,,,,,,xx77,Lg,Hbs-900,Lg Hbs-900,Guitarra y Bajo,,Auriculares,,,,,,
13,Line 6,Dl4 Delay,Pedal de efecto p/ guitarra,Efectos de sonido - Instrumentos musicales,Pedal de efectos p/ guitarra,"1,63",,SI,0,"33,5","16,5","7,5",13,175,175,13,A,,,Pedal de efectos p/ guitarra,Line 6 DL4 - Pedal de Delay y looper para guitarra,"1,82",#REF!,"(1) DL4 Delay Modeler
 (1) Stickers
 (1) User Manual",si,Line 6 Dl4 Pedal de Delay Nuevo caja cerrada c/ gtia en Arg!,60,Dl4 Delay,Dl-4 Delay,,Pedal de Efecto p/guitarra,Pedal de Delay - Emula diferentes modelos de pedales,Pedal de delay para guitarristas,http://line6.com/dl4/,http://line6.com/data/6/0a06434d1170b507f35a232d64/application/pdf/DL4%20Quick%20Start%20Pilot%E2%80%99s%20Handbook%20-%20Spanish%20(%20Rev%20B%20).pdf,Diseñado en USA y Fabricado en China,13,Line 6,Dl4 Delay,Line 6 Dl4 Delay,Guitarra y Bajo,,Pedal de efecto p/ guitarra,Pedal de efectos p/ guitarra,,,,,
14,Line 6,Pod Hd 500,Pedalera de efecto p/ guitarra,Efectos de sonido - Instrumentos musicales,Pedalera de efectos p/ guitarra & amp sim,"6,285",,SI,0,,,,14,350,350,14,A,Pod Hd500,,Pedalera de efectos p/ guitarra & amp sim,Line 6 Pod HD 500 - multi efectos de guitarra - HD500 !!!,"6,29",#REF!,"(1) Line 6 POD HD500
 (1) USB Cable
 (1) User Guide (Printed)",si,Line 6 Pod Hd 500 / Hd500 Pedalera Nueva con Gtia en Arg!,57,Pod Hd 500,Pod Hd500,,Pedal de Efecto p/guitarra,Pedalera multiefectos y simulador de amplificadores,Pedalera para guitarra con amp sim y efectos,,http://line6.com/data/6/0a060b316ac34f059389b00e6/application/pdf/POD%20HD500%20Quick%20Start%20Guide%20-%20Spanish%20(%20Rev%20C%20).pdf,Diseñado en USA y Fabricado en China,14,Line 6,Pod Hd 500,Line 6 Pod Hd 500,Guitarra y Bajo,,Pedalera de efecto p/ guitarra,Pedalera de efectos p/ guitarra & amp sim,,,,,
15,Line 6,Jm4 Looper,Pedal de efecto p/ guitarra,Efectos de sonido - Instrumentos musicales,Pedal de efectos p/ guitarra,"3,09",,SI,"0,01","45,5","23,5","11,5",15,229,229,15,B,Jm 4,,Pedal de efectos p/ guitarra,Line 6 JM4 Looper - Pedal modelador de efectos - JM 4 looper,"3,09",#REF!,"(1) JM4 Looper
 (1) Owner's Manual",si,,,Jm4,Jm-4,,Pedal de Efecto p/guitarra,Pedal Looper con efectos y simulaciones de amplificadores,Looper / pedal para guitarristas,http://line6.com/jm4looper/,http://line6.com/data/6/0a060b316ac34f059402858f9/application/pdf/JM4%20Pilot's%20Handbook%20-%20Spanish%20(%20Rev%20C%20).pdf,Diseñado en USA y Fabricado en China,15,Line 6,Jm4 Looper,Line 6 Jm4 Looper,Guitarra y Bajo,,Pedal de efecto p/ guitarra,Pedal de efectos p/ guitarra,,,,,
16,Line 6,M13,Pedalera de efecto p/ guitarra,Efectos de sonido - Instrumentos musicales,Pedalera de efectos p/ guitarra,"5,95",,SI,"0,02",53,"33,5",11,16,368,368,16,B,M 13,,Pedalera de efectos p/ guitarra,Line 6 M13 - Pedalera modeladora multiefecto - M 13,"5,95",#REF!,"(1) M13 Stompbox
 (1) User Manual",si,Line 6 M13 / M 13 Pedalera Nueva cja cerrada c/ gtia en Arg!,60,M13,M 13,,Pedal de Efecto p/guitarra,Stompbox Modeler Pedalera Multiefecto p/ guitarra,Pedalera emuladora de efectos para guitarristas,http://line6.com/m13/,http://line6.com/data/6/0a060b316ac34f0593fe2b17a/application/pdf/M13%20Stompbox%20Modeler%20Users%20Manual%20-%20Spanish%20(%20Rev%20C%20).pdf,Diseñado en USA y Fabricado en China,16,Line 6,M13,Line 6 M13,Guitarra y Bajo,,Pedalera de efecto p/ guitarra,Pedalera de efectos p/ guitarra,,,,,
17,Line 6,M9,Pedalera de efecto p/ guitarra,Efectos de sonido - Instrumentos musicales,Pedalera de efectos p/ guitarra,"2,985",,SI,"0,01",42,24,11,17,299,299,17,A,M 9,,Pedalera de efectos p/ guitarra,Line 6 M9 - Pedalera modeladora multiefecto - M 9,3,#REF!,"(1) Line 6 M9 Stompbox Modeler
 (1) User Guide (Printed)",si,Line 6 M9 Pedal / Pedalera Nueva caja cerrada c/gita en Arg!,60,M9,,,Pedal de Efecto p/guitarra,Stompbox Modeler Pedalera Multiefecto p/ guitarra,Pedalera emuladora de efectos para guitarristas,http://line6.com/m9/,http://line6.com/data/6/0a060b316ac34f0593fb7d58c/application/pdf/M9%20Pilot's%20Handbook%20-%20Spanish%20(%20Rev%20B%20).pdf,Diseñado en USA y Fabricado en China,17,Line 6,M9,Line 6 M9,Recording,Interfaces de audio,Pedalera de efecto p/ guitarra,Pedalera de efectos p/ guitarra,,,,,
37,Line 6,Pod hd 300,Pedalera de efecto p/ guitarra,Efectos de sonido - Instrumentos musicales,Pedalera de efectos p/ guitarra,"6,3",,NO,0,,,,37,0,,37,,,,,,,#REF!,,,,,,,,,,,,,,37,Line 6,Pod hd 300,Line 6 Pod hd 300,Recording,Interfaces de audio,Pedalera de efecto p/ guitarra,Pedalera de efectos p/ guitarra,,,,,
xx68,Line 6,M5,Pedal de efecto p/ guitarra,Efectos de sonido - Instrumentos musicales,,"1,61",,SI,"0,01","18,5",30,"9,5",xx68,101,117,xx68,,M 5,,,,,#REF!,,,,,,,,,,,,,,xx68,Line 6,M5,Line 6 M5,Recording,Interfaces de audio,Pedal de efecto p/ guitarra,,,,,,
mm1,Line 6,Pod studio Ux1,,Electronica audio video otros,,"0,735",,,0,"19,4","21,4","9,2",mm1,115,115,mm1,,,,,,,#REF!,,,,,,,,,,,,,,mm1,Line 6,Pod studio Ux1,Line 6 Pod studio Ux1,Recording,,,,,,,,
19,M-audio,Fast Track Pro + Pro Tools Mp,Placa de audio Usb,Placas USB - Firewire,Placa Usb Interfaz de audio / sonido,"1,02",,SI,0,27,22,"7,5",19,0,,19,B,,,Placa Usb Interfaz de audio / sonido,M-Audio Fast Track Pro + Pro Tools MP - Placa de sonido USB,"1,02",#REF!,,,,,,,,Placa de sonido externa,Placa de audio externa usb,Placa de sonido Usb,,,Fabricado en China,19,M-audio,Fast Track Pro + Pro Tools Mp,M-audio Fast Track Pro + Pro Tools Mp,Guitarra y Bajo,,Placa de audio Usb,Placa Usb Interfaz de audio / sonido,,,,,
21,M-audio,Mobile Pre Mkii + Pro Tools SE,Placa de audio Usb,Placas USB - Firewire,Placa Usb Interfaz de audio / sonido,"0,795",,SI,0,"24,2","20,5",7,21,84,84,21,A,MobilePre Mk 2,,Placa Usb Interfaz de audio / sonido,M-Audio Mobilepre MKII - Interfaz externa USB 2 in 2 out,"0,8",#REF!,"(1) Avid MobilePre
 (1) USB Cable
 (1) Drivers and Documentation CD
 (1) Pro Tools SE Software DVD
 (1) Quick Setup Guide",si,M-audio Mobile Pre Mkii usb + Pro tools SE c/ gtia en Arg!,58,Mobile Pre Mkii + Pro Tools SE,,,Placa de sonido externa,Placa de audio externa usb,Placa de sonido Usb,,http://akmedia.digidesign.com/support/compressed/MobilePre%20User%20Guide_EN_77637.pdf,Fabricado en China,21,M-audio,Mobile Pre Mkii + Pro Tools SE,M-audio Mobile Pre Mkii + Pro Tools SE,,,Placa de audio Usb,Placa Usb Interfaz de audio / sonido,,,,,
38,M-audio,M-Track Plus,Placa de audio Usb,Placas USB - Firewire,Placa Usb Interfaz de audio / sonido,"1,17",,SI,"0,01","22,5","18,5","12,7",38,79,79,38,A,Mtrack,,Placa Usb Interfaz de audio / sonido,M-Audio M-Track PLUS - Placa de soinido de 2 canales Midi,"1,17",#REF!,,,,,M-Track Plus,,,Placa de sonido externa,Placa de audio externa usb,Placa de sonido Usb,http://www.m-audio.com/products/en_us/MTrackPlus.html,http://www.m-audio.com/images/global/manuals/M-Track%20Plus%20-%20User%20Guide%20-%20v1.1.pdf,Fabricado en China,38,M-audio,M-Track Plus,M-audio M-Track Plus,DJ,,Placa de audio Usb,Placa Usb Interfaz de audio / sonido,,,,,
xx42,M-Audio,Keystation Mini 32 MKII,Teclado controlador Usb,Controladores,,"0,715",,SI,0,45,14,6,xx42,79,79,xx42,,,,,,,#REF!,,,,,,,,,,,,,,xx42,M-Audio,Keystation Mini 32 MKII,M-Audio Keystation Mini 32 MKII,Recording,Interfaces de audio,Teclado controlador Usb,,,,,,
mm2,M-audio,M-Track Plus II,,Electronica audio video otros,,"1,34",,,"0,01","39,3",15,"10,2",mm2,116,107,mm2,,,,,,,#REF!,,,,,,,,,,,,,,mm2,M-audio,M-Track Plus II,M-audio M-Track Plus II,DJ,,,,,,,,
xx3,Mxr,Phase 90,Pedalera de efecto p/ guitarra,Efectos de sonido - Instrumentos musicales,Pedal de efectos p/ guitarra,"0,5",,NO,0,,,,xx3,79,79,xx3,,,,,,,#REF!,,,,,,,,,,,,,,xx3,Mxr,Phase 90,Mxr Phase 90,,,Pedalera de efecto p/ guitarra,Pedal de efectos p/ guitarra,,,,,
xx28,N/A,Transformadores,Accesorios,,,"1,285",,SI,0,12,8,12,xx28,,,xx28,,,,,,,#REF!,,,,,,,,,,,,,,xx28,N/A,Transformadores,N/A Transformadores,,,Accesorios,,,,,,
xx14,Native Instruments,Traktor kontrol x1,Controlador DJ usb,Controladores,,"1,15",,SI,0,,,,xx14,137,137,xx14,,,,,,,#REF!,,,,,,,,,,,,,,xx14,Native Instruments,Traktor kontrol x1,Native Instruments Traktor kontrol x1,,,Controlador DJ usb,,,,,,
xx41,Native Instruments,Traktor Scratch A6,Interfaz de audio Usb,Electronica audio video otros,,"2,085",,SI,"0,01",34,32,10,xx41,299,299,xx41,,,,,,,#REF!,"(1) Traktor Audio 6
 (2) Traktor Scratch Control Discs MK2
 (4) RCA Cables
 (1) USB Cable
 (2) Tractor Scratch Control Vinyls MK2 (Black)
 (1) Traktor Audio 6 Drivers code
 (1) Traktor Scratch Pro 2 software code",si,,,,,,,,,,,,xx41,Native Instruments,Traktor Scratch A6,Native Instruments Traktor Scratch A6,,,Interfaz de audio Usb,,,,,,
xx52,Native Instruments,Traktor Kontrol F1,Controlador DJ usb,Controladores,,"1,17",,SI,"0,01","36,5","18,5","9,5",xx52,175,175,xx52,,,,,,,#REF!,,,,,,,,,,,,,,xx52,Native Instruments,Traktor Kontrol F1,Native Instruments Traktor Kontrol F1,,,Controlador DJ usb,,,,,,
xx71,Native Instruments,Traktor Kontrol X1 MKII,Controlador Usb,Controladores,,"1,13",,SI,"0,01","36,5","18,3","9,5",xx71,174,174,xx71,,,,,,,#REF!,,,,,,,,,,,,,,xx71,Native Instruments,Traktor Kontrol X1 MKII,Native Instruments Traktor Kontrol X1 MKII,"fotografia, deporte y hogar",,Controlador Usb,,,,,,
xx78,Native Instruments,Traktor Kontrol Z1,,Electronica audio video otros,,"1,52",,SI,"0,01","45,2","18,2","9,2",xx78,398,398,xx78,,,,,,,#REF!,,,,,,,,,,,,,,xx78,Native Instruments,Traktor Kontrol Z1,Native Instruments Traktor Kontrol Z1,Recording,DJ,,,,,,,
xx74,Native Instruments,Maschine Mikro MK2,Controlador Usb,Controladores,,"1,745",,SI,"0,01","37,7","22,2","9,4",xx74,278,278,xx74,,,,,,,#REF!,"(1) Maschine MK2 Groove Production Studio - White
 (1) USB Cable
 (1) Komplete Elements Install Disc
 (1) Maschine Installation Disc
 (1) Manual",si,,,,,,,,,,,,xx74,Native Instruments,Maschine Mikro MK2,Native Instruments Maschine Mikro MK2,,,Controlador Usb,,,,,,
mm3,Native Instruments,Traktor Audio 2 MK2 LN,,Electronica audio video otros,,"0,5",,NO,,,,,mm3,90,89,mm3,,,,,,,#REF!,,,,,,,,,,,,,,mm3,Native Instruments,Traktor Audio 2 MK2 LN,Native Instruments Traktor Audio 2 MK2 LN,Recording,Interfaces de audio,,,,,,,
45,Natrol,5-Htp 50mg,Suplementos,,Vitaminas y Complementos Naturales,"0,04",,SI,0,,,,45,0,0,45,,,,,,"0,04",#REF!,,,,,5-Htp 50mg,,,Suplementos,,,,,,45,Natrol,5-Htp 50mg,Natrol 5-Htp 50mg,DJ,,Suplementos,Vitaminas y Complementos Naturales,,,,,
51,Natrol,Memory Complex,Suplementos,,Vitaminas y Complementos Naturales,"0,7",,SI,0,,,,51,0,0,51,,,,Vitaminas y Complementos Naturales,,"0,7",#REF!,,,,,Memory Complex,,,Suplementos,,,,,,51,Natrol,Memory Complex,Natrol Memory Complex,DJ,,Suplementos,Vitaminas y Complementos Naturales,,,,,
54,Nikon,Coolpix AW110,Camara Fotografica,,Camara Digital,"0,755",,SI,0,,,,54,184,184,54,A,AW 110,,Camara Digital,,"0,76",#REF!,,,Nikon Coolpix Aw110 Camara Refubrished c/Gtia 6 meses en arg,60,Coolpix AW110,Coolpix AW 110,,Camara Fotografica,,,,,Fabricado en Indonesia,54,Nikon,Coolpix AW110,Nikon Coolpix AW110,DJ,,Camara Fotografica,Camara Digital,,,,,
xx23,Novation,Launchpad Mini,Controlador Usb,Controladores,,"0,645",,SI,0,"20,5","22,5","3,7",xx23,115,75,xx23,,Launch pad mini,,,,,#REF!,,,,,,,,,,,,,,xx23,Novation,Launchpad Mini,Novation Launchpad Mini,DJ,,Controlador Usb,,,,,,
xx79,Novation,Launchpad S,,Electronica audio video otros,,"1,03",,SI,0,26,28,"3,2",xx79,90,90,xx79,,,,,,,#REF!,,,,,,,,,,,,,,xx79,Novation,Launchpad S,Novation Launchpad S,"fotografia, deporte y hogar",,,,,,,,
mm11,Novation,Launch control,,Electronica audio video otros,,"0,415",,NO,,"17,5","13,5",8,mm11,180,180,mm11,,,,,,,#REF!,,,,,,,,,,,,,,mm11,Novation,Launch control,Novation Launch control,Recording,Interfaces de audio,,,,,,,
22,Numark,Dj Io,Placa de audio Usb,Placas USB - Firewire,Placa Usb Interfaz de audio / sonido,"0,45",,SI,0,21,26,9,22,87,87,22,B,,,Placa Usb Interfaz de audio / sonido,Numark DJ IO - Interfaz de audio USB de baja latencia,"0,45",#REF!,,,,,Dj io,,,Placa de sonido externa,Placa de audio externa usb,Placa de sonido Usb,http://www.numark.com/product/djio,http://www.numark.com/images/product_downloads/DJiO_Quickstart_Guide_v1.5.pdf,Fabricado en China,22,Numark,Dj Io,Numark Dj Io,Recording,Interfaces de audio,Placa de audio Usb,Placa Usb Interfaz de audio / sonido,,,,,
23,Numark,Mixtrack,Controlador DJ usb,Controladores,Controlador Midi usb p/ Dj,"2,5",,SI,0,,,,23,98,98,23,A,,,Controlador Midi usb p/ Dj,Numark Mixtrack - Controlador DJ con Virtual DJ,"2,5",#REF!,"(1) Numark Mixtrack
 (1) USB Cable
 (1) Quick Start Guide
 (1) Warranty",si,Numark Mixtrack Controlador p/ dj Nuevo cja cerrada con gtia,60,Mixtrack,Mix track,,Controlador DJ,,,http://www.numark.com/product/mixtrack,http://www.numark.com/images/product_downloads/mixtrack_20__20quickstart_20guide_20__20v1.0_1_.pdf,Fabricado en China,23,Numark,Mixtrack,Numark Mixtrack,Recording,Interfaces de audio,Controlador DJ usb,Controlador Midi usb p/ Dj,,,,,
24,Numark,Mixtrack Pro,Controlador DJ usb,Controladores,Controlador Midi usb p/Dj con placa de audio / sonido,"2,72",,SI,0,,,,24,200,200,24,A,,,Controlador Midi usb p/Dj con placa de audio / sonido,Numark Mixtrack Pro - Controlador DJ C/placa de pre escucha,"2,72",#REF!,"(1) Numark MixTrack Pro
 (1) USB Cable
 Quick start guide",si,Numark Mixtrack pro Controlador con placa de audio c/ gtia!,59,Mixtrack Pro,Mix track Pro,,Controlador DJ,,,http://www.numark.com/product/mixtrackpro,http://www.numark.com/images/product_downloads/Mixtrack_Pro_-_Quickstart_Guide_-_v1.6.pdf,Fabricado en China,24,Numark,Mixtrack Pro,Numark Mixtrack Pro,Recording,Interfaces de audio,Controlador DJ usb,Controlador Midi usb p/Dj con placa de audio / sonido,,,,,
25,Numark,Total Control,Controlador DJ usb,Controladores,Controlador Midi usb p/ Dj,"2,485",,SI,0,,,,25,0,,25,B,,,Controlador Midi usb p/ Dj,Numark Total Control - Controlador DJ par Virtual o Traktor,"2,49",#REF!,,,,,Total Control,,,Controlador DJ,,,http://www.numark.com/product/totalcontrol,http://www.numark.com/images/product_downloads/total_control___quickstart_guide___v1.5.pdf,Fabricado en China,25,Numark,Total Control,Numark Total Control,,,Controlador DJ usb,Controlador Midi usb p/ Dj,,,,,
39,Numark,Mixtrack II,Controlador DJ usb,Controladores,Controlador Midi usb p/ Dj,"2,735",,SI,"0,02",53,32,10,39,129,129,39,A,Mix track 2,,Controlador Midi usb p/ Dj,Numark Mixtrack II - Controlador DJ Nuevas en Argentina,"2,74",#REF!,,,Numark Mixtrack II 2 p/ dj caja cerrada con garantia en Arg!,60,Mixtrack II,Mix track 2,,Controlador DJ,,,http://www.numark.com/product/mixtrack-ii,http://www.numark.com/images/product_downloads/Mixtrack_II_-_User_Guide_-_v1.0.pdf,Fabricado en China,39,Numark,Mixtrack II,Numark Mixtrack II,,,Controlador DJ usb,Controlador Midi usb p/ Dj,,,,,
mm4,Numark,Mixtrack Pro II,,Electronica audio video otros,,,,,,,,,mm4,0,,mm4,,,,,,,#REF!,,,,,,,,,,,,,,mm4,Numark,Mixtrack Pro II,Numark Mixtrack Pro II,Recording,,,,,,,,
mm8,Ploom,Pax,,Electronica audio video otros,,,,,,,,,mm8,76,76,mm8,,,,,,,#REF!,,,,,,,,,,,,,,mm8,Ploom,Pax,Ploom Pax,Recording,,,,,,,,
xx46,Polar,Loop,Accesorios Deportivos,Accesorios Deportivos,,"0,125",,SI,0,13,19,5,xx46,38,80,xx46,,,,,,,#REF!,,,,,,,,,,,,,,xx46,Polar,Loop,Polar Loop,Vivo,Voces,Accesorios Deportivos,,,,,,
53,Presonus,Audiobox Usb,Placa de audio Usb,Placas USB - Firewire,Placa Usb Interfaz de audio / sonido,"1,2",,SI,0,,,,53,89,89,53,A,Audio Box,,Placa Usb Interfaz de audio / sonido,,"1,2",#REF!,,,Presonus audiobox usb / audio box Nuevo c/ garantia en Arg!,59,Audiobox usb,audio box usb,,Placa de sonido externa,Placa de audio externa usb,Placa de sonido Usb,http://www.presonus.com/products/audiobox-usb,http://www.presonus.com/uploads/products/2887/downloads/AudioBoxUSB_OwnersManual_ES1.pdf,Diseñado en USA y Fabricado en China,53,Presonus,Audiobox Usb,Presonus Audiobox Usb,Vivo,Voces,Placa de audio Usb,Placa Usb Interfaz de audio / sonido,,,,,
xx7,Presonus,Audiobox 1818Vsl,Interfaz de audio Usb 2.0,Electronica audio video otros,,"4,09",,SI,"0,02",60,"30,5","12,5",xx7,331,331,xx7,,,,,,,#REF!,(1) PreSonus AudioBox 1818VSL(1) USB Cable (1) Studio One Artist Installation Disc(1) Virtual Studio Live Software Installation Disc(1) User Guide,si,,,,,,,,,,,,xx7,Presonus,Audiobox 1818Vsl,Presonus Audiobox 1818Vsl,,,Interfaz de audio Usb 2.0,,,,,,
xx8,Presonus,Audiobox 44Vsl,Placa de audio Usb 2.0,Placas USB - Firewire,,"2,235",,SI,"0,01",41,20,11,xx8,183,183,xx8,,,,,,,#REF!,(1) PreSonus AudioBox 44VSL (1) USB Cable(1) Studio One Artist Installation Disc(1) Virtual Studio Live Software Installation Disc(4) Rubber Feet(1) User Guide,si,,,,,,,,,,,,xx8,Presonus,Audiobox 44Vsl,Presonus Audiobox 44Vsl,Guitarra y Bajo,Accesorios,Placa de audio Usb 2.0,,,,,,
xx9,Presonus,Audiobox 22Vsl,Placa de audio Usb 2.0,Placas USB - Firewire,,"1,5",,SI,0,,,,xx9,138,138,xx9,,,,,,,#REF!,,,,,,,,,,,,,,xx9,Presonus,Audiobox 22Vsl,Presonus Audiobox 22Vsl,Recording,Accesorios,Placa de audio Usb 2.0,,,,,,
mm24,Presonus,AudioBox iOne,Placa de audio Usb 2.0,Placas USB - Firewire,,"0,917",,,0,"22,1","22,7","8,7",mm24,92,92,mm24,,,,,,,#REF!,"(1) AudioBox™ iOne
 (1) USB Cable
 (1) User Guide",si,,,,,,,,,,,,mm24,Presonus,AudioBox iOne,Presonus AudioBox iOne,fotografia y hogar,,Placa de audio Usb 2.0,,,,,,
xx18,Rayban,Rb3025 Gold 58mm,Lentes,,,"0,16",,SI,0,,,,xx18,0,,xx18,,,,,,,#REF!,,,,,,,,,,,,,,xx18,Rayban,Rb3025 Gold 58mm,Rayban Rb3025 Gold 58mm,fotografia y hogar,,Lentes,,,,,,
xx59,Roland,R-05,Grabador digital Usb,Grabadores Portatiles,,"0,45",,SI,0,"12,5","18,5",9,xx59,160,160,xx59,,,,,,,#REF!,"(1) Roland R-05
 (1) 2 X AA Batteries
 (1) SD Card
 (1) USB Cable (Mini-B Type)
 (1) Windscreen
 (1) Quick Start Guide
 (1) Manual",si,,,,,,,,,,,,xx59,Roland,R-05,Roland R-05,,,Grabador digital Usb,,,,,,
26,Samson,Hp-10,Auriculares,Auriculares,Auriculares Stereo Closed-Back / Cerrados,"0,34",,SI,0,,,,26,0,,26,C,Hp10,,Auriculares Stereo Closed-Back / Cerrados,Samson HP-10 - Auricular para monitoreo cerrado,"0,34",#REF!,,,,,Hp-10,Hp10,,Auriculares,,,,,,26,Samson,Hp-10,Samson Hp-10,Guitarra y Bajo,Accesorios,Auriculares,Auriculares Stereo Closed-Back / Cerrados,,,,,
xx57,Samson,Airline Micro N1,Microfono sistema inhalambrico,Electronica audio video otros,,"0,63",,SI,0,"22,5",14,"7,5",xx57,162,162,xx57,,,,,,,#REF!,"(1) AL2 Transmitter(1) AR2 Receiver(1) AR2DT Dock(1) AR2 Camera Mount(1) LM10 Lavaliere Microphone(3) Windscreens(1) 1/8"" to XLR Audio Cable(1) 1/8"" to 1/8"" Audio Cable(1) USB Y-Power Cable(1) Owner's Manual(1) Carrying Case",si,,,,,,,,,,,,xx57,Samson,Airline Micro N1,Samson Airline Micro N1,Guitarra y Bajo,,Microfono sistema inhalambrico,,,,,,
xx58,Samson,Airline Micro N5,Microfono sistema inhalambrico,Electronica audio video otros,,"0,63",,SI,0,"22,5",14,"7,5",xx58,162,162,xx58,,,,,,,#REF!,"(1) Samson AH2 Transmitter (N1 Band 642.375MHz)(1) Samson AR2 Receiver(1) Samson AR2 Dock(1) 1/8"" Stereo to 1/4"" Stereo Cable(3) Windscreens(1) USB to 2 USB-Mini Cable (1) Zipper Carry Case(1) User Manual",si,,,,,,,,,,,,xx58,Samson,Airline Micro N5,Samson Airline Micro N5,Recording,Interfaces de audio,Microfono sistema inhalambrico,,,,,,
xx53,Samsung,Galaxy S5 SM-G900F 32gb,Celular,,,,,SI,0,,,,xx53,,,xx53,,,,,,,#REF!,,,,,,,,,,,,,,xx53,Samsung,Galaxy S5 SM-G900F 32gb,Samsung Galaxy S5 SM-G900F 32gb,Recording,Interfaces de audio,Celular,,,,,,
xx26,Seymour Duncan,SH1 59 Black,Microfono de guitarra,Mics de guitarra,,"0,195",,SI,0,"7,5","10,5",4,xx26,50,50,xx26,,,,,,,#REF!,,,,,,,,,,,,,,xx26,Seymour Duncan,SH1 59 Black,Seymour Duncan SH1 59 Black,Recording,Interfaces de audio,Microfono de guitarra,,,,,,
27,Skb,H4n Case,Accesorios,,Estuche rigido p/ Zoom h4n y sus accesorios,"1,47",,SI,"0,01",25,29,13,27,0,,27,C,,,Estuche rigido p/ Zoom h4n y sus accesorios,SKB H4N Case - Estuche rigido para Zoom H4N,"1,47",#REF!,,,,,,,,Accesorios,,,,,,27,Skb,H4n Case,Skb H4n Case,Recording,Interfaces de audio,Accesorios,Estuche rigido p/ Zoom h4n y sus accesorios,,,,,
xx62,Sony,Cyber-shot DSC-RX100,Camara Fotografica,,,"0,56",,SI,0,"15,5",14,"9,5",xx62,350,350,xx62,,,,,,,#REF!,,,,,,,,,,,,,,xx62,Sony,Cyber-shot DSC-RX100,Sony Cyber-shot DSC-RX100,Recording,,Camara Fotografica,,,,,,
xx65,Sony,HDR-MV1,Camara Fotografica,,,"0,885",,SI,0,,,,xx65,270,270,xx65,,,,,,,#REF!,"Sony HDR-MV1 Music Video Recorder (Black)
 LexSpeed Ultra 32 GB MicroSDHC Class 10 Memory Card with Adapter 10MB/s Write Speed
 NP-BX1 Battery And Charger Kit
 Micro SD Card Reader
 LowePro Camera Case (Color May Vary)",si,,,,,,,,,,,,xx65,Sony,HDR-MV1,Sony HDR-MV1,Recording,,Camara Fotografica,,,,,,
44,ss,Cafeina 200mg x 100,Suplementos,,Vitaminas y Complementos Naturales,"0,075",,SI,0,,,,44,0,,44,,,,,,,#REF!,,,,,,,,,,,,,,44,ss,Cafeina 200mg x 100,ss Cafeina 200mg x 100,Recording,,Suplementos,Vitaminas y Complementos Naturales,,,,,
28,Stagg,XLR 6 metros,Cable,,Cable XLR cannon,"0,33",,SI,0,,,,28,0,,28,C,,,Cable XLR cannon,Stagg XLR - Cable de 6 metros cannon,"0,33",#REF!,,,,,,,,Cable,,,,,,28,Stagg,XLR 6 metros,Stagg XLR 6 metros,Recording,,Cable,Cable XLR cannon,,,,,
xx36,Suhr,Riot,Pedal de efecto p/ guitarra,Efectos de sonido - Instrumentos musicales,,"0,415",,SI,0,"17,5","13,5",8,xx36,175,175,xx36,,,,,,,#REF!,,,,,,,,,,,,,,xx36,Suhr,Riot,Suhr Riot,Recording,,Pedal de efecto p/ guitarra,,,,,,
mm10,Suhr,Riot Reloaded,,Electronica audio video otros,,"0,415",,,,,,,mm10,179,179,mm10,,,,,,,#REF!,,,,,,,,,,,,,,mm10,Suhr,Riot Reloaded,Suhr Riot Reloaded,Recording,,,,,,,,
29,Tascam,DP-02,Portastudio,Electronica audio video otros,Portastudio Digital Usb 2.0 con efectos 8 canales - Graba CD,"6,275",,SI,"0,03",52,41,15,29,0,,29,C,Dp02,,Portastudio Digital Usb 2.0 con efectos 8 canales - Graba CD,Tascam DP-02 - Grabadora de CD,"6,28",#REF!,,,Tacam Dp-02 / Dp02 Portastudio Nuevo cja cerrada con gtia!,58,Dp-02,Dp02,,Portastudio,,,http://tascam.com/product/dp-02/,http://tascam.com/content/downloads/products/37/E_DP-02&02CF_web.pdf,Fabricado en China,29,Tascam,DP-02,Tascam DP-02,,,Portastudio,Portastudio Digital Usb 2.0 con efectos 8 canales - Graba CD,,,,,
30,Tascam,DP-03,Portastudio,Electronica audio video otros,Portastudio Digital Usb 2.0 con efectos 8 canales - Graba CD,"2,76",,SI,"0,01",42,"27,5","12,5",30,263,263,30,C,Dp03,,Portastudio Digital Usb 2.0 con efectos 8 canales - Graba CD,Tascam DP-03 - Grabadora de CD,"2,76",#REF!,"(1) Tascam DP-03
 (1) 2GB SD Card
 (1) User's Manual (Printed)
 (1) Limited Warranty",si,Tacam Dp-03 / Dp03 Portastudio Nuevo cja cerrada con gtia!,58,Dp-03,Dp03,,Portastudio,,,http://tascam.com/product/dp-03/,http://tascam.com/content/downloads/products/529/e_dp-03_om_vb.pdf,Fabricado en China,30,Tascam,DP-03,Tascam DP-03,,,Portastudio,Portastudio Digital Usb 2.0 con efectos 8 canales - Graba CD,,,,,
31,Tascam,Us-1800,Interfaz de audio Usb 2.0,Electronica audio video otros,Placa Interfaz de audio / sonido Usb 2.0,"4,525",,SI,0,,,,31,188,188,31,A,US1800,,Placa Interfaz de audio / sonido Usb 2.0,Tascam US-1800 - Placa de grabacion profesional,"4,53",#REF!,"(1) Tascam US-1800
 (1) USB Cable
 (1) CD-ROM containing Cubase LE 5
 (1) CD-ROM containing Tascam US-1800 Software
 (1) Owner's manual
 (1) Set of Rack Mount Screws",si,,,Us-1800,Us1800,,Placa de sonido externa,Placa de audio externa usb 2.0,Placa de sonido Usb 2.0,http://tascam.com/product/us-1800/,http://tascam.com/content/downloads/products/535/e_us-1800_om_va.pdf,Fabricado en China,31,Tascam,Us-1800,Tascam Us-1800,Guitarra y Bajo,,Interfaz de audio Usb 2.0,Placa Interfaz de audio / sonido Usb 2.0,,,,,
32,Tascam,Us-2000,Interfaz de audio Usb 2.0,Electronica audio video otros,Placa Interfaz de audio / sonido Usb 2.0,"5,075",,SI,0,,,,32,300,300,32,A,Us2000,,Placa Interfaz de audio / sonido Usb 2.0,Tascam US-2000 - Placa de grabacion 16 IN 4 OUT,"5,08",#REF!,"(1) US-2000 Interface
 (1) Software & Doc CD-ROM
 (1) Cubase LE 4 CD-ROM
 (4) Rack Screws and Washers
 (1) USB Cable
 (1) Printed Owner's Manual",si,Tascam Us-2000 / Us2000 Placa usb 2.0 Nuevo c/ gtia en Arg!,59,Us-2000,Us2000,,Placa de sonido externa,Placa de audio externa usb 2.0,Placa de sonido Usb 2.0,http://tascam.com/product/us-2000/,http://tascam.com/content/downloads/products/206/E_US-2000_OM_vA.pdf,Fabricado en China,32,Tascam,Us-2000,Tascam Us-2000,Guitarra y Bajo,,Interfaz de audio Usb 2.0,Placa Interfaz de audio / sonido Usb 2.0,,,,,
41,Tascam,Dr-05,Grabador digital Usb,Grabadores Portatiles,Grabador Digital Usb,"0,35",,SI,0,"12,5","18,5",7,41,82,79,41,A,Dr05,,Grabador Digital Usb,,"0,35",#REF!,(1) Tascam DR-05(1) USB Cable (1) 4GB Micro SD Card(1) Owner's Manual,si,Tascam Dr-05 / Dr05 + sd 2gb Nuevo cja cerrada c/gtia en arg,60,Dr-05,Dr05,,Grabador digital,,,http://tascam.com/product/dr-05/,http://tascam.com/content/downloads/products/558/e_dr-05_om_va.pdf,Fabricado en China,41,Tascam,Dr-05,Tascam Dr-05,Guitarra y Bajo,,Grabador digital Usb,Grabador Digital Usb,,,,,
43,Tascam,Dr-40,Grabador digital Usb,Grabadores Portatiles,Grabador Digital Usb,"0,54",,SI,0,14,"20,5","8,5",43,140,150,43,A,Dr40,,Grabador Digital Usb,,"0,54",#REF!,"(1) Tascam DR-40
 (1) USB Cable
 (1) 2GB SD Card
 (1) Tilt Foot
 (1) Owner's Manual",si,,,Dr-40,Dr40,,Grabador digital,,,http://tascam.com/product/dr-40/,http://tascam.com/content/downloads/products/706/e_dr-40_om_va.pdf,Fabricado en China,43,Tascam,Dr-40,Tascam Dr-40,Guitarra y Bajo,,Grabador digital Usb,Grabador Digital Usb,,,,,
46,Tascam,Dr-07 Mkii,Grabador digital Usb,Grabadores Portatiles,Grabador Digital Usb,"0,39",,SI,0,14,"20,5","7,5",46,105,105,46,A,Dr07 Mk 2,,Grabador Digital Usb,,"0,39",#REF!,"(1) Tascam DR-07mkII
 (1) USB Cable
 (2) AA Batteries
 (1) User Guide",si,Tascam Dr-07 Mkii / Dr07 Mk2 + sd 2gb c/ garantia en arg!,57,Dr-07 Mkii,Dr07 Mk2,,Grabador digital,,,http://tascam.com/product/dr-07mk2/,http://tascam.com/content/downloads/products/561/e_dr-07mk2_om_va.pdf,Fabricado en China,46,Tascam,Dr-07 Mkii,Tascam Dr-07 Mkii,Guitarra y Bajo,,Grabador digital Usb,Grabador Digital Usb,,,,,
xx1,Tascam,Dr100 Mkii,Grabador digital Usb,Grabadores Portatiles,Grabador Digital Usb,"0,875",,SI,"0,01","20,5",27,"10,5",xx1,199,199,xx1,,dr-100 mkii,,,,,#REF!,"2GB SD card, Exclusive Li-ion battery (BP-L2), USB connection cable, Exclusive soft case, Exclusive windsock, Wireless remote control (RC-10), Coin cell battery for confirming remote control operation, Wired remote control adapter, Wired remote control cable, Digital input conversion cable, Owner's Manual, Warranty card",si,,,,,,,,,,,,xx1,Tascam,Dr100 Mkii,Tascam Dr100 Mkii,Guitarra y Bajo,,Grabador digital Usb,Grabador Digital Usb,,,,,
xx21,Tascam,Dr44 Wl,Grabador digital Usb,Grabadores Portatiles,,"0,86",,SI,0,10,"20,5",7,xx21,207,239,xx21,,dr-44 wl,,,,,#REF!,"(1) Tascam DR-44WL Portable Handheld Recorder with Wifi
 (1) User Guide
 (1) USB Adapter
 (1) USB Cable
 (1) Carrying Bag",si,,,,,,,,,,,,xx21,Tascam,Dr44 Wl,Tascam Dr44 Wl,Guitarra y Bajo,,Grabador digital Usb,,,,,,
xx22,Tascam,Dr22 Wl,Grabador digital Usb,Grabadores Portatiles,,"0,32",,SI,0,"12,5",19,7,xx22,106,115,xx22,,dr-22 wl,,,,,#REF!,,,,,,,,,,,,,,xx22,Tascam,Dr22 Wl,Tascam Dr22 Wl,Guitarra y Bajo,,Grabador digital Usb,,,,,,
xx70,Tascam,US122MKII,Placa de audio Usb 2.0,Placas USB - Firewire,,"1,105",,SI,"0,01","24,3","20,2","10,6",xx70,100,100,xx70,,,,,,,#REF!,,,,,,,,,,,,,,xx70,Tascam,US122MKII,Tascam US122MKII,Guitarra y Bajo,,Placa de audio Usb 2.0,,,,,,
xx76,Tascam,Dr-05 Mkii,Grabador Digital Usb,Grabadores Portatiles,,"0,375",,SI,0,"12,4","18,6",7,xx76,0,,xx76,,,,,,,#REF!,,,,,,,,,,,,,,xx76,Tascam,Dr-05 Mkii,Tascam Dr-05 Mkii,Guitarra y Bajo,,Grabador Digital Usb,,,,,,
mm20,tascam,us-2x2,,Electronica audio video otros,,,,,,,,,mm20,115,,mm20,,,,,,,#REF!,,,,,,,,,,,,,,mm20,tascam,us-2x2,tascam us-2x2,Guitarra y Bajo,,,,,,,,
33,Tc Electronic,Nova System,Pedalera de efecto p/ guitarra,Efectos de sonido - Instrumentos musicales,Pedalera de efectos p/ guitarra,"4,07",,SI,"0,02",36,31,14,33,270,339,33,A,,,Pedalera de efectos p/ guitarra,Tc Electronic Nova System - Pedalera de efectos guitarra,"4,13",#REF!,"(1) NOVA System
 (1) USA Plug Power Cable
 (1) Owners Manual",si,Tc electronic Nova System Pedalera Nueva cja cerrada c/ gtia,60,Nova System,,,Pedal de Efecto p/guitarra,,,http://www.tcelectronic.com/nova-system/,http://cdn-downloads.tcelectronic.com/media/218020/tc_electronic_nova_system_manual_spanish.pdf,Fabricado en Tailandia,33,Tc Electronic,Nova System,Tc Electronic Nova System,Guitarra y Bajo,,Pedalera de efecto p/ guitarra,Pedalera de efectos p/ guitarra,,,,,
48,Tc Electronic,Ditto Looper,Pedal de Efecto p/ guitarra,Efectos de sonido - Instrumentos musicales,Pedal de efectos p/ guitarra,"0,215",,SI,0,7,10,6,48,69,72,48,A,,,Pedal de efectos p/ guitarra,,"0,22",#REF!,"(1) TC-Electronic - Ditto Looper
 (2) Rubber Feet
 (1) Quickstart Guide",si,,,Ditto Looper,,,Pedal de Efecto p/guitarra,,,http://www.tcelectronic.com/ditto-looper/,http://cdn-downloads.tcelectronic.com/media/1633425/tc_ditto_looper_manual_spanish.pdf,Fabricado en Tailandia,48,Tc Electronic,Ditto Looper,Tc Electronic Ditto Looper,,,Pedal de Efecto p/ guitarra,Pedal de efectos p/ guitarra,,,,,
50,Tc Electronic,Polytune 2,Pedal de Efecto p/ guitarra,Efectos de sonido - Instrumentos musicales,Afinador Polifónico P/ Guitarra,"0,325",,SI,0,"8,5",13,"5,5",50,63,67,50,A,Poly tune II,,Afinador Polifónico P/ Guitarra,,"0,33",#REF!,"(1) TC Electronic PolyTune 2
 (2) Velcro Pads",si,,,Polytune 2,Poly tune II,,Pedal de Efecto p/guitarra,,,http://www.tcelectronic.com/polytune-2/,http://cdn-downloads.tcelectronic.com/media/2830616/tc_electronic_polytune_2_manual_spanish.pdf,Fabricado en Tailandia,50,Tc Electronic,Polytune 2,Tc Electronic Polytune 2,,,Pedal de Efecto p/ guitarra,Afinador Polifónico P/ Guitarra,,,,,
55,Tc Electronic,Flashback Delay & Looper,Pedal de Efecto p/ guitarra,Efectos de sonido - Instrumentos musicales,Pedal de efectos p/ guitarra,"0,405",,SI,0,"8,7","12,9","7,5",55,110,112,55,A,Flash Back delay,,Pedal de efectos p/ guitarra,,"0,41",#REF!,"(1) TC Electronic Flashback Delay
 (1) USB Cable
 (1) User's Manual",si,,,Flashback Delay & looper,,,Pedal de Efecto p/guitarra,,,http://www.tcelectronic.com/flashback-delay/,http://cdn-downloads.tcelectronic.com/media/216246/tc-electronic-flashback-delay-manual-spanish.pdf,Fabricado en Tailandia,55,Tc Electronic,Flashback Delay & Looper,Tc Electronic Flashback Delay & Looper,Voces,,Pedal de Efecto p/ guitarra,Pedal de efectos p/ guitarra,,,,,
56,Tc Electronic,Corona Chorus,Pedal de Efecto p/ guitarra,Efectos de sonido - Instrumentos musicales,Pedal de efectos p/ guitarra,"0,395",,SI,0,"8,5",13,"7,5",56,83,74,56,A,,,Pedal de efectos p/ guitarra,,"0,4",#REF!,"(1) TC Electronic Corona Chorus
 (1) USB Cable
 (1) 9-Volt Battery (Installed)
 (1) User's Manual",si,,,Corona Chorus,,,Pedal de Efecto p/guitarra,,,http://www.tcelectronic.com/corona-chorus/,http://cdn-downloads.tcelectronic.com/media/216390/tc-electronic-corona-chorus-manual-spanish.pdf,Fabricado en Tailandia,56,Tc Electronic,Corona Chorus,Tc Electronic Corona Chorus,Voces,,Pedal de Efecto p/ guitarra,Pedal de efectos p/ guitarra,,,,,
60,Tc Electronic,Polytune 2 Mini,Pedal de Efecto p/ guitarra,Efectos de sonido - Instrumentos musicales,Afinador Polifónico P/ Guitarra,"0,205",,SI,0,"6,5",10,6,60,58,65,60,A,Poly tune,,Afinador Polifónico P/ Guitarra,,"0,21",#REF!,(1) TC Electronic PolyTune 2 Mini,si,Tc electronic Polytune Mini Nuevo cja cerrada c/ gtia en arg,60,Polytune Mini,Poly tune Mini,,Pedal de Efecto p/guitarra,,,http://www.tcelectronic.com/polytune-mini/,http://cdn-downloads.tcelectronic.com/media/218214/tc-electronic-polytune-mini-manual-spanish.pdf,Fabricado en Tailandia,60,Tc Electronic,Polytune 2 Mini,Tc Electronic Polytune 2 Mini,Voces,,Pedal de Efecto p/ guitarra,Afinador Polifónico P/ Guitarra,,,,,
xx12,Tc Electronic,Hall of Fame Reverb,Pedal de Efecto p/ guitarra,Efectos de sonido - Instrumentos musicales,,"0,405",,SI,0,"8,5",13,"7,5",xx12,93,95,xx12,,,,,,,#REF!,(1) TC Electronic Hall of Fame Reverb (1) USB Cable,si,,,,,,,,,,,,xx12,Tc Electronic,Hall of Fame Reverb,Tc Electronic Hall of Fame Reverb,Voces,,Pedal de Efecto p/ guitarra,,,,,,
xx15,Tc Electronic,Ditto Looper X2,Pedal de Efecto p/ guitarra,Efectos de sonido - Instrumentos musicales,,"0,66",,SI,0,16,"13,5","6,5",xx15,112,121,xx15,,,,,,,#REF!,(1) TC Electronic Ditto X2 Looper(1) USB Cable,si,,,,,,,,,,,,xx15,Tc Electronic,Ditto Looper X2,Tc Electronic Ditto Looper X2,Voces,,Pedal de Efecto p/ guitarra,,,,,,
xx37,Tc Electronic,Flashback X4 Delay Looper,Pedal de Efecto p/ guitarra,Efectos de sonido - Instrumentos musicales,,"1,53",,SI,0,"31,5","15,5",8,xx37,159,160,xx37,,,,,,,#REF!,(1) T.C. Electronic Flashback X4 (1) USB Cable(2) Rubber Feet(1) Manual,si,,,,,,,,,,,,xx37,Tc Electronic,Flashback X4 Delay Looper,Tc Electronic Flashback X4 Delay Looper,Recording,Vivo,Pedal de Efecto p/ guitarra,,,,,,
xx40,Tc Electronic,Dark Matter,Pedal de Efecto p/ guitarra,Efectos de sonido - Instrumentos musicales,,"0,35",,SI,0,"8,5",13,"7,5",xx40,87,87,xx40,,,,,,,#REF!,"(1) Dark Matter Distortion
 (1) 9-Volt Battery (Installed)
 (1) User's Guide",si,,,,,,,,,,,,xx40,Tc Electronic,Dark Matter,Tc Electronic Dark Matter,Voces,,Pedal de Efecto p/ guitarra,,,,,,
xx56,Tc Electronic,Corona Chorus mini,Pedal de Efecto p/ guitarra,Efectos de sonido - Instrumentos musicales,,"0,235",,SI,0,"6,5",10,6,xx56,75,80,xx56,,,,,,,#REF!,(1) TC Electronic Corona Mini Chorus Guitar Effects Pedal,si,,,,,,,,,,,,xx56,Tc Electronic,Corona Chorus mini,Tc Electronic Corona Chorus mini,Voces,,Pedal de Efecto p/ guitarra,,,,,,
xx61,Tc Electronic,G-Major 2,Pedalera de efecto p/ guitarra,,,"2,825",,SI,"0,02","28,4","56,5","11,9",xx61,355,355,xx61,,,,,,,#REF!,,,,,,,,,,,,,,xx61,Tc Electronic,G-Major 2,Tc Electronic G-Major 2,Voces,,Pedalera de efecto p/ guitarra,,,,,,
xx69,Tc Electronic,Flashback Mini Delay,Pedal de efecto p/ guitarra,Efectos de sonido - Instrumentos musicales,,"0,235",,SI,0,"6,5",10,6,xx69,61,79,xx69,,,,,,,#REF!,,,,,,,,,,,,,,xx69,Tc Electronic,Flashback Mini Delay,Tc Electronic Flashback Mini Delay,,,Pedal de efecto p/ guitarra,,,,,,
xx73,Tc Electronic,Hall of Fame Reverb Mini,Pedal de efecto p/ guitarra,Efectos de sonido - Instrumentos musicales,,"0,215",,SI,0,"6,5",10,"5,5",xx73,127,89,xx73,,,,,,,#REF!,,,,,,,,,,,,,,xx73,Tc Electronic,Hall of Fame Reverb Mini,Tc Electronic Hall of Fame Reverb Mini,,,Pedal de efecto p/ guitarra,,,,,,
mm9,Tc Electronic,Polytune 2 Black,,Electronica audio video otros,,,,,,,,,mm9,89,89,mm9,,,,,,,#REF!,,,,,,,,,,,,,,mm9,Tc Electronic,Polytune 2 Black,Tc Electronic Polytune 2 Black,,,,,,,,,
mm14,Tc Electronic,Polytune 2 Black,,Electronica audio video otros,,,,,,,,,mm14,0,,mm14,,,,,,,#REF!,,,,,,,,,,,,,,mm14,Tc Electronic,Polytune 2 Black,Tc Electronic Polytune 2 Black,,,,,,,,,
mm17,tc electronic,Rh450,,Electronica audio video otros,,6,,NO,,,,,mm17,365,365,mm17,,,,,,,#REF!,,,,,,,,,,,,,,mm17,tc electronic,Rh450,tc electronic Rh450,,,,,,,,,
xx17,Tc Helicon,Voicetone H1,Pedal de efecto p/ voces,Efectos de sonido - Instrumentos musicales,,"0,735",,SI,0,"16,5","14,5","8,5",xx17,89,89,xx17,,Voice tone H 1,,,,,#REF!,(1) TC-Helicon VoiceTone H1 (1) USB Cable(1) User's Manual,si,,,,,,,,,,,,xx17,Tc Helicon,Voicetone H1,Tc Helicon Voicetone H1,VAPORIZADOR,"fotografia, deporte y hogar",Pedal de efecto p/ voces,,,,,,
xx20,Tc Helicon,Voicetone R1 Reverb,Pedal de efecto p/ voces,Efectos de sonido - Instrumentos musicales,,"0,735",,SI,0,"16,5","14,5","8,5",xx20,91,91,xx20,,,,,,,#REF!,(1) TC-Helicon VoiceTone R1 (1) USB Cable(1) User's Manual,si,,,,,,,,,,,,xx20,Tc Helicon,Voicetone R1 Reverb,Tc Helicon Voicetone R1 Reverb,VAPORIZADOR,"fotografia, deporte y hogar",Pedal de efecto p/ voces,,,,,,
xx24,Tc Helicon,Voicetone D1,Pedal de efecto p/ voces,Efectos de sonido - Instrumentos musicales,,"0,735",,SI,0,"16,5","14,5","8,5",xx24,86,96,xx24,,Voice tone D 1,,,,,#REF!,(1) TC-Helicon VoiceTone D1 (1) USB Cable(1) User's Manual,si,,,,,,,,,,,,xx24,Tc Helicon,Voicetone D1,Tc Helicon Voicetone D1,Recording,Accesorios,Pedal de efecto p/ voces,,,,,,
xx25,Tc Helicon,Voicetone C1 Hardtune,Pedal de efecto p/ voces,Efectos de sonido - Instrumentos musicales,,"0,75",,SI,0,"16,5","14,5","8,5",xx25,103,103,xx25,,,,,,,#REF!,(1) TC-Helicon VoiceTone C1(1) USB Cable(1) User's Manual,si,,,,,,,,,,,,xx25,Tc Helicon,Voicetone C1 Hardtune,Tc Helicon Voicetone C1 Hardtune,Recording,,Pedal de efecto p/ voces,,,,,,
xx29,Tc Helicon,Voicetone T1 Adaptative tone,Pedal de efecto p/ voces,Efectos de sonido - Instrumentos musicales,,"0,735",,SI,0,"16,5","14,5","8,5",xx29,81,73,xx29,,,,,,,#REF!,(1) TC-Helicon VoiceTone T1 (1) USB Cable(1) User's Manual,si,,,,,,,,,,,,xx29,Tc Helicon,Voicetone T1 Adaptative tone,Tc Helicon Voicetone T1 Adaptative tone,Recording,,Pedal de efecto p/ voces,,,,,,
xx35,TC Helicon,Voicelive Touch,Procesador de efecto p/ voces,Efectos de sonido - Instrumentos musicales,,"2,23",,SI,"0,01",27,26,15,xx35,219,219,xx35,,,,,,,#REF!,,,,,,,,,,,,,,xx35,TC Helicon,Voicelive Touch,TC Helicon Voicelive Touch,Recording,,Procesador de efecto p/ voces,,,,,,
xx39,Tc Helicon,Voicetone E1,Pedal de efecto p/ voces,Efectos de sonido - Instrumentos musicales,,"0,735",,SI,0,"16,5","14,5","8,5",xx39,89,88,xx39,,,,,,,#REF!,(1) TC-Helicon VoiceTone E1 (1) USB Cable(1) User's Manual,si,,,,,,,,,,,,xx39,Tc Helicon,Voicetone E1,Tc Helicon Voicetone E1,Recording,,Pedal de efecto p/ voces,,,,,,
xx45,TC Helicon,VoiceTone Harmony G-XT,Pedal de efecto p/ voces,Efectos de sonido - Instrumentos musicales,,"1,26",,SI,0,,,,xx45,132,139,xx45,,,,,,,#REF!,"(1) Tc helicon Voicetone Harmony G-XT
 (1) USB cable
 (1) User guide",si,,,,,,,,,,,,xx45,TC Helicon,VoiceTone Harmony G-XT,TC Helicon VoiceTone Harmony G-XT,Recording,,Pedal de efecto p/ voces,,,,,,
xx50,Tc Helicon,Voicetone Mic Mechanic,Pedal de efecto p/ voces,Efectos de sonido - Instrumentos musicales,,"0,73",,SI,0,"16,5","14,5","8,5",xx50,103,113,xx50,,,,,,,#REF!,(1) TC Helicon Mic Mechanic (1) USB Cable(1) Manual,si,,,,,,,,,,,,xx50,Tc Helicon,Voicetone Mic Mechanic,Tc Helicon Voicetone Mic Mechanic,Recording,,Pedal de efecto p/ voces,,,,,,
xx81,TC Helicon,VoiceLive 3,,Electronica audio video otros,,"3,39",,SI,"0,02",51,27,"15,2",xx81,366,389,xx81,,,,,,,#REF!,"(1) Voicelive 3
 (1) USB cable
 (1) Quickstart guide
 (1) Guitar/Headphone combo cable",si,,,,,,,,,,,,xx81,TC Helicon,VoiceLive 3,TC Helicon VoiceLive 3,"fotografia, deporte y hogar",Recording,,,,,,,
mm13,TC Helicon,Harmony Singer,,Electronica audio video otros,,"0,75",,SI,0,,,,mm13,130,129,mm13,,,,,,,#REF!,"(1) Harmony singer
 (1) USB cable
 (1) User guide",si,,,,,,,,,,,,mm13,TC Helicon,Harmony Singer,TC Helicon Harmony Singer,Recording,Voces,,,,,,,
mm6,Tc Helicon,Voicelive Touch 2,,Electronica audio video otros,,3,,,,12,15,"19,2",mm6,327,330,mm6,,,,,,,#REF!,,,,,,,,,,,,,,mm6,Tc Helicon,Voicelive Touch 2,Tc Helicon Voicelive Touch 2,Recording,Accesorios,,,,,,,
mm15,Tc Helicon,Voicetone X1,,Electronica audio video otros,,"0,735",,SI,,"16,5","14,5","8,5",mm15,86,78,mm15,,,,,,,#REF!,(1) TC-Helicon VoiceTone X1(1) USB Cable(1) User's Manual,si,,,,,,,,,,,,mm15,Tc Helicon,Voicetone X1,Tc Helicon Voicetone X1,,,,,,,,,
mm18,Tc helicon,voicetone correct xt,,Electronica audio video otros,,"1,26",,NO,,,,,mm18,149,149,mm18,,,,,,,#REF!,,,,,,,,,,,,,,mm18,Tc helicon,voicetone correct xt,Tc helicon voicetone correct xt,,,,,,,,,
mm19,tc helicon,voicelive play,,Electronica audio video otros,,"1,325",,SI,,28,"16,7","8,3",mm19,160,"161,7",mm19,,,,,,,#REF!,,,,,,,,,,,,,,mm19,tc helicon,voicelive play,tc helicon voicelive play,,,,,,,,,
mm22,Tc helicon,Ditto Mic looper,,Electronica audio video otros,,"0,715",,SI,,"16,4","14,2","8,4",mm22,65,74,mm22,,,,,,,#REF!,,,,,,,,,,,,,,mm22,Tc helicon,Ditto Mic looper,Tc helicon Ditto Mic looper,,,,,,,,,
xx27,Trascend,Sd 16gb,Memoria SD,,,"0,01",,,0,11,13,1,xx27,,,xx27,,,,,,,#REF!,,,,,,,,,,,,,,xx27,Trascend,Sd 16gb,Trascend Sd 16gb,,,Memoria SD,,,,,,
57,Vapir,Filtros x60,Accesorios,,Repuestos Vaporizadores,"0,01",,SI,0,,,,57,0,,57,,,,Repuestos Vaporizadores,,"0,01",#REF!,,,,,,,,Accesorios,,,,,,57,Vapir,Filtros x60,Vapir Filtros x60,,,Accesorios,Repuestos Vaporizadores,,,,,
58,Vapir,Bateria,Accesorios,,Repuestos Vaporizadores,"0,1",,SI,0,,,,58,0,,58,,,,Repuestos Vaporizadores,,"0,1",#REF!,,,,,,,,Accesorios,,,,,,58,Vapir,Bateria,Vapir Bateria,,,Accesorios,Repuestos Vaporizadores,,,,,
xx13,Vapir,No2,Vaporizador,Vaporizador,Vaporizador,"0,66",,SI,0,26,17,"7,5",xx13,84,84,xx13,,No 2,,,,,#REF!,,,,,,,,,,,,,,xx13,Vapir,No2,Vapir No2,,,Vaporizador,Vaporizador,,,,,
xx48,Vapir,Rise 2.0,Vaporizador,Vaporizador,,"1,585",,SI,"0,01",19,23,18,xx48,195,195,xx48,,,,,,,#REF!,,,,,,,,,,,,,,xx48,Vapir,Rise 2.0,Vapir Rise 2.0,,,Vaporizador,,,,,,
34,Zoom,H2n Accesory Pack,Accesorios,,Pack de accesorios p/ Zoom h2n,"0,415",,SI,0,15,"15,5","9,5",34,0,,34,B,,,Pack de accesorios p/ Zoom h2n,Zoom H2N - Accessory pack,"0,42",#REF!,,,,,H2n Accesory Pack,,,Accesorios,,,,,Diseñado en Japón y Ensamblado en China,34,Zoom,H2n Accesory Pack,Zoom H2n Accesory Pack,,,Accesorios,Pack de accesorios p/ Zoom h2n,,,,,
35,Zoom,H1,Grabador digital Usb,Grabadores Portatiles,Grabador Digital Usb,"0,185",,SI,0,10,17,5,35,80,79,35,A,,,Grabador Digital Usb,Zoom H1 + Memoria Micro SD 2 GB,"0,19",#REF!,"(1) Zoom H1 Handy Recorder
 (1) 2GB Micro-SD Card
 (1) Manual",si,Zoom H1 / Grabador usb + sd 2gb + wavelab 7 c/ gtia en Arg!,59,h1,,,Grabador digital,,,http://www.zoom.co.jp/english/products/h1/,http://www.zoom.co.jp/download/S_H1.pdf,Diseñado en Japón y Ensamblado en China,35,Zoom,H1,Zoom H1,,,Grabador digital Usb,Grabador Digital Usb,,,,,
36,Zoom,H4n,Grabador digital Usb,Grabadores Portatiles,Grabador Digital Usb,"0,935",,SI,0,18,30,7,36,174,200,36,A,,,Grabador Digital Usb,Zoom h4n / Grabador Portatil 4 ch + sd 2gb + Protective case,"0,94",#REF!,"(1) Zoom H4n Recorder
 (1) 2GB SD Card
 (1) Wind Screen
 (1) Mic Clip Adapter
 (1) Protective Plastic Case
 (1) Cubase LE Software CD
 (1) USB Cable",si,Zoom H4n / Grabador usb + Sd 2gb + Protective case c/ gtia!,59,h4n,,,Grabador digital,,,http://www.zoom.co.jp/english/products/h4n/,http://www.zoom.co.jp/download/S_H4n.pdf,Diseñado en Japón y Ensamblado en China,36,Zoom,H4n,Zoom H4n,,,Grabador digital Usb,Grabador Digital Usb,,,,,
42,Zoom,H2n,Grabador digital Usb,Grabadores Portatiles,Grabador Digital Usb,"0,375",,SI,0,"14,9","15,5","6,8",42,159,159,42,A,H2 n,,Grabador Digital Usb,,"0,38",#REF!,"(1) Zoom H2n
 (1) Steinberg WaveLab LE7 Installation Disc
 (2) AA Batteries
 (1) 2GB SD Card
 (1) Operations Manual",si,Zoom H2n / Grabador usb + Sd 2gb + Wavelab 7 c/ gtia en Arg!,60,h2n,,,Grabador digital,,,http://www.zoom.co.jp/products/h2n,http://www.zoom.co.jp/download/S_H2n.pdf,Diseñado en Japón y Ensamblado en China,42,Zoom,H2n,Zoom H2n,,,Grabador digital Usb,Grabador Digital Usb,,,,,
xx4,Zoom,H5,Grabador digital Usb,Grabadores Portatiles,Grabador Digital Usb,"0,84",,SI,0,17,13,9,xx4,216,265,xx4,,,,,,,#REF!,"XYH-5 X/Y mic capsule, SD card (2GB), USB cable, Foam windscreen, Case, Operation manual, Steinberg Cubase LE software download, Steinberg WaveLab LE software download",si,,,,,,,,,,,,xx4,Zoom,H5,Zoom H5,,,Grabador digital Usb,Grabador Digital Usb,,,,,
xx5,Zoom,H6,Grabador digital Usb,Grabadores Portatiles,Grabador Digital Usb,"1,37",,SI,"0,01",21,27,9,xx5,327,334,xx5,,,,,,,#REF!,"(1) Zoom H6
 (1) XYH-6 X/Y mic capsule
 (1) MSH-6 MS mic capsule
 (1) 2GB SD Card
 (1) USB Cable
 (1) Foam Windscreen
 (1) Cubase LE Software
 (1) Protective Case
 (1) Manual",si,,,,,,,,,,,,xx5,Zoom,H6,Zoom H6,,,Grabador digital Usb,Grabador Digital Usb,,,,,
xx32,Zoom,Q2HD,Grabador digital Usb,Grabadores Portatiles,,"0,285",,SI,0,11,18,6,xx32,87,87,xx32,,,,,,,#REF!,(1) Zoom Q2hd (1) SD memory card (2GB),si,,,,,,,,,,,,xx32,Zoom,Q2HD,Zoom Q2HD,,,Grabador digital Usb,,,,,,
xx51,Zoom,Q4,Camara Fotografica,,,"0,42",,SI,0,"15,8","19,5","7,5",xx51,190,200,xx51,,,,,,,#REF!,"(1) Removable LCD unit, USB cable, Rechargable lithium ion (Li-Ion) battery (BT-02), (1) Hairy windscreen, (1) Hairy windscreen attachment screw, (1) User guide",si,,,,,,,,,,,,xx51,Zoom,Q4,Zoom Q4,,,Camara Fotografica,,,,,,
xx63,Zoom,iQ5,Microfono condenser,Electronica audio video otros,,"0,12",,SI,0,4,24,"4,7",xx63,89,89,xx63,,,,,,,#REF!,"(1) Zoom iQ5
 (1) Manual",si,,,,,,,,,,,,xx63,Zoom,iQ5,Zoom iQ5,,,Microfono condenser,,,,,,
xx64,Zoom,SGH-6,Microfono condenser,Electronica audio video otros,,"0,26",,SI,0,"9,8","20,5",9,xx64,130,130,xx64,,,,,,,#REF!,,,,,,,,,,,,,,xx64,Zoom,SGH-6,Zoom SGH-6,,,Microfono condenser,,,,,,
xx72,Zoom,MS-50G MultiStomp,Pedal de efecto p/ guitarra,Efectos de sonido - Instrumentos musicales,,"0,535",,SI,0,"9,2","15,5","7,9",xx72,93,93,xx72,,,,,,,#REF!,,,,,,,,,,,,,,xx72,Zoom,MS-50G MultiStomp,Zoom MS-50G MultiStomp,,,Pedal de efecto p/ guitarra,,,,,,
mm7,Zoom,R8,,Electronica audio video otros,,"1,16",,SI,"0,01","34,5",21,"8,5",mm7,222,200,mm7,,,,,,,#REF!,"(1) Zoom R8
 (1) Operation manual 
 (1) 2GB SD card containing 500MB of drum loops from Big Fish Audio
 (1) USB cable
 (1) Steinberg Cubase LE software",si,,,,,,,,,,,,mm7,Zoom,R8,Zoom R8,,,,,,,,,
mm21,,M-audio Delta 1010Lt Placa de audio sonido pci 1010 lt !,,Electronica audio video otros,,,,,,,,,mm21,0,,mm21,,,,,,,#REF!,,,,,,,,,,,,,,mm21,0,M-audio Delta 1010Lt Placa de audio sonido pci 1010 lt !,M-audio Delta 1010Lt Placa de audio sonido pci 1010 lt !,,,,,,,,,
nn24,Akai,Mpd 32,,Electronica audio video otros,,"3,36",,,,48,38,"13,5",nn24,199,199,nn24,,,,,,,#REF!,,,,,,,,,,,,,,nn24,Akai,Mpd 32,Akai Mpd 32,,,,,,,,,
mm25,Numark,Mixtrack Edge,,Electronica audio video otros,,"1,245",,,,33,27,8,mm25,71,71,mm25,,,,,,,#REF!,,,,,,,,,,,,,,mm25,Numark,Mixtrack Edge,Numark Mixtrack Edge,,,,,,,,,
mm26,Tc Electronic,Nd-1 Nova delay,,,,"1,195",,,,"20,5","16,5","8,3",mm26,160,160,mm26,,,,,,,#REF!,,,,,,,,,,,,,,mm26,Tc Electronic,Nd-1 Nova delay,Tc Electronic Nd-1 Nova delay,,,,,,,,,
mm27,Motu,Microbook II,,,,"0,765",,,,"18,8","13,7","8,2",mm27,249,249,mm27,,,,,,,#REF!,,,,,,,,,,,,,,mm27,Motu,Microbook II,Motu Microbook II,,,,,,,,,
mm28,Shimano,Curado CU-300e,,,,"0,41",0,,,"16,2","12,5","8,3",mm28,213,203,mm28,,,,,,,#REF!,,,,,,,,,,,,,,mm28,Shimano,Curado CU-300e,Shimano Curado CU-300e,,,,,,,,,
mm29,Tascam,Us-366,,,,"0,78",,,,24,"20,5","10,5",mm29,150,150,mm29,,,,,,,#REF!,,,,,,,,,,,,,,mm29,Tascam,Us-366,Tascam Us-366,,,,,,,,,
mm30,Focusrite,Carlett 2pre,,,,"1,69",,,,26,25,10,mm30,500,500,mm30,,,,,,,#REF!,,,,,,,,,,,,,,mm30,Focusrite,Carlett 2pre,Focusrite Carlett 2pre,,,,,,,,,
mm31,Boss,VE-20,,,,"1,625",,SI,,"22,5","19,5","9,5",mm31,220,206,mm31,,,,,,,#REF!,,,,,,,,,,,,,,mm31,Boss,VE-20,Boss VE-20,,,,,,,,,
mm32,Sony,Hdr Cx405,,,,"0,465",,,,16,12,9,mm32,229,157,mm32,,,,,,,#REF!,,,,,,,,,,,,,,mm32,Sony,Hdr Cx405,Sony Hdr Cx405,,,,,,,,,
mm33,Arturia,Beatstep,,,,"1,13",,,,40,18,"6,5",mm33,69,69,mm33,,,,,,,#REF!,,,,,,,,,,,,,,mm33,Arturia,Beatstep,Arturia Beatstep,,,,,,,,,
mm34,Digitech,JML2 jamman delay stereo,,,,"1,44",,,,"25,2",19,"8,5",mm34,176,177,mm34,,,,,,,#REF!,,,,,,,,,,,,,,mm34,Digitech,JML2 jamman delay stereo,Digitech JML2 jamman delay stereo,,,,,,,,,
mm35,Akai,Apc Mini,,,,"1,205",,,,38,29,"11,5",mm35,67,67,mm35,,,,,,,#REF!,,,,,,,,,,,,,,mm35,Akai,Apc Mini,Akai Apc Mini,,,,,,,,,
mm36,Art,Dj pre II,,,,"0,73",,,,20,37,"6,5",mm36,45,45,mm36,,,,,,,#REF!,,,,,,,,,,,,,,mm36,Art,Dj pre II,Art Dj pre II,,,,,,,,,
mm37,Mxr,M80 Bass D.i.,,,,"0,81",,SI,,"14,2","11,2","6,6",mm37,119,119,mm37,,,,,,,#REF!,,,,,,,,,,,,,,mm37,Mxr,M80 Bass D.i.,Mxr M80 Bass D.i.,,,,,,,,,
mm38,Tc Electronic,Vortex Flanger,,,,"0,405",,,,9,13,"7,5",mm38,103,103,mm38,,,,,,,#REF!,,,,,,,,,,,,,,mm38,Tc Electronic,Vortex Flanger,Tc Electronic Vortex Flanger,,,,,,,,,
mm39,tc electronic,spark mini,,,,"0,19",,,,"6,5",10,"5,5",mm39,63,63,mm39,,,,,,,#REF!,,,,,,,,,,,,,,mm39,tc electronic,spark mini,tc electronic spark mini,,,,,,,,,
mm40,Fenix,Ld75-c,,,,"0,58",,,,12,21,"8,5",mm40,220,220,mm40,,,,,,,#REF!,,,,,,,,,,,,,,mm40,Fenix,Ld75-c,Fenix Ld75-c,,,,,,,,,
mm41,Tascam,Us 16x08,,,,"3,8",,,,"54,5","28,7","12,5",mm41,238,200,mm41,,,,,,,#REF!,,,,,,,,,,,,,,mm41,Tascam,Us 16x08,Tascam Us 16x08,,,,,,,,,
mm42,Arturia,Minilab,,,,"1,435",,SI,,"41,5",23,8,mm42,89,89,mm42,,,,,,,#REF!,,,,,,,,,,,,,,mm42,Arturia,Minilab,Arturia Minilab,,,,,,,,,
mm43,Presonus,Audiobox usb,,,,,,,,,,,mm43,88,88,mm43,,,,,,,#REF!,,,,,,,,,,,,,,mm43,Presonus,Audiobox usb,Presonus Audiobox usb,,,,,,,,,
mm44,Focusrite,Saffire Pro 14,,,,"2,185",,,,"31,5","26,5","11,5",mm44,199,199,mm44,,,,,,,#REF!,,,,,,,,,,,,,,mm44,Focusrite,Saffire Pro 14,Focusrite Saffire Pro 14,,,,,,,,,
mm45,Focusrite,Saffire Pro 26,,,,"2,825",3,,,46,26,"9,5",mm45,220,300,mm45,,,,,,,#REF!,,,,,,,,,,,,,,mm45,Focusrite,Saffire Pro 26,Focusrite Saffire Pro 26,,,,,,,,,
mm46,Zoom,R16,,,,"2,06",,,,46,26,"7,2",mm46,333,300,mm46,,,,,,,#REF!,,,,,,,,,,,,,,mm46,Zoom,R16,Zoom R16,,,,,,,,,
mm47,Focusrite,Isa One,,,,"5,175",,,,40,37,"21,6",mm47,380,380,mm47,,,,,,,#REF!,,,,,,,,,,,,,,mm47,Focusrite,Isa One,Focusrite Isa One,,,,,,,,,
mm48,Motu,Track 16,,,,"2,77",,,,"38,2",29,14,mm48,400,400,mm48,,,,,,,#REF!,,,,,,,,,,,,,,mm48,Motu,Track 16,Motu Track 16,,,,,,,,,
mm49,Novation,Lauchpad Pro,,,,"2,21",,,,34,"31,5","8,6",mm49,225,225,mm49,,,,,,,#REF!,,,,,,,,,,,,,,mm49,Novation,Lauchpad Pro,Novation Lauchpad Pro,,,,,,,,,
mm50,TC Helicon,Play acoustic,,,,"1,36",,,,"27,8","16,5","8,4",mm50,209,208,mm50,,,,,,,#REF!,,,,,,,,,,,,,,mm50,TC Helicon,Play acoustic,TC Helicon Play acoustic,,,,,,,,,
mm51,Senheiser,XSW 35-A B,,,,"1,95",,,,35,"34,5","8,5",mm51,400,400,mm51,,,,,,,#REF!,,,,,,,,,,,,,,mm51,Senheiser,XSW 35-A B,Senheiser XSW 35-A B,,,,,,,,,
mm52,Tc electronic,Ditto looper Stereo,,,,"0,38",,,,"8,7",13,"7,5",mm52,89,100,mm52,,,,,,,#REF!,,,,,,,,,,,,,,mm52,Tc electronic,Ditto looper Stereo,Tc electronic Ditto looper Stereo,,,,,,,,,
mm53,Sony,HDR-AS20,,,,"0,47",,SI,,13,"16,4","7,7",mm53,117,139,mm53,,,,,,,#REF!,,,,,,,,,,,,,,mm53,Sony,HDR-AS20,Sony HDR-AS20,,,,,,,,,
mm54,Panasonic,Hx A500,,,,"0,545",,,,"19,5","14,4","9,9",mm54,240,240,mm54,,,,,,,#REF!,,,,,,,,,,,,,,mm54,Panasonic,Hx A500,Panasonic Hx A500,,,,,,,,,
mm55,Electro Harmonix,B9 Organ,,,,"0,655",,,,"15,5","18,5","8,2",mm55,179,179,mm55,,,,,,,#REF!,,,,,,,,,,,,,,mm55,Electro Harmonix,B9 Organ,Electro Harmonix B9 Organ,,,,,,,,,
mm56,Electro Harmonix,Memory Toy Delay,,,,"0,375",,,,"8,6","14,5","7,4",mm56,110,110,mm56,,,,,,,#REF!,,,,,,,,,,,,,,mm56,Electro Harmonix,Memory Toy Delay,Electro Harmonix Memory Toy Delay,,,,,,,,,
mm57,Boss,Rc3,,,,"0,62",,SI,,"9,2","14,2","7,2",mm57,140,140,mm57,,,,,,,#REF!,,,,,,,,,,,,,,mm57,Boss,Rc3,Boss Rc3,,,,,,,,,
mm58,Tc Electronic,Rottweiler,,,,"0,355",,,,"8,7",13,"7,4",mm58,125,125,mm58,,,,,,,#REF!,,,,,,,,,,,,,,mm58,Tc Electronic,Rottweiler,Tc Electronic Rottweiler,,,,,,,,,
mm59,Zoom,UAc2,,,,"1,07",,,,24,"17,2","7,7",mm59,200,230,mm59,,,,,,,#REF!,,,,,,,,,,,,,,mm59,Zoom,UAc2,Zoom UAc2,,,,,,,,,
mm60,Beheringer,U-Phoria UMC204,,,,"0,865",,SI,,27,16,9,mm60,142,142,mm60,,,,,,,#REF!,,,,,,,,,,,,,,mm60,Beheringer,U-Phoria UMC204,Beheringer U-Phoria UMC204,,,,,,,,,
mm61,Mackie,Big Knob,,http://media.djmania.net/images/extra/Mackie_Big_Knob.jpg,,"3,605",,,,"46,5",23,"13,7",mm61,205,205,mm61,,,,,,,#REF!,,,,,,,,,,,,,,mm61,Mackie,Big Knob,Mackie Big Knob,,,,,,,,,
mm62,Tc electronic,Bh 250,,http://cdn.mos.musicradar.com/images/Product%20News/Guitar/july12/summer-namm-2012/tc-electronic-bh250-460-100-970-80.jpg,,"2,56",,,,"36,4","29,2","12,4",mm62,211,218,mm62,,,,,,,#REF!,,,,,,,,,,,,,,mm62,Tc electronic,Bh 250,Tc electronic Bh 250,,,,,,,,,
mm63,Tc helicon,play electric,,http://www.ziomusic.it/files/2014/12/B_TCH_playelectric.jpg,,"1,33",,,,28,"16,5","8,3",mm63,209,240,mm63,,,,,,,#REF!,,,,,,,,,,,,,,mm63,Tc helicon,play electric,Tc helicon play electric,,,,,,,,,
mm64,Akg,Wms 40 pro mini,,http://www.drumpower.com.au/ebay/images/AKG/wms40_mini_sml.jpg,,"1,135",,,,"29,5",24,"6,5",mm64,85,85,mm64,,,,,,,#REF!,,,,,,,,,,,,,,mm64,Akg,Wms 40 pro mini,Akg Wms 40 pro mini,,,,,,,,,
mm65,Korg,pb04 pitchblack,,http://cdns3.gear4music.com/media/6/62225/1200/preview.jpg,,"0,34",,,,"8,5",20,"4,5",mm65,50,50,mm65,,,,,,,#REF!,,,,,,,,,,,,,,mm65,Korg,pb04 pitchblack,Korg pb04 pitchblack,,,,,,,,,
mm66,Tc electronic,spark booster,,https://www.gpanagopoulos.com/eshop/images/detailed_images/spark.jpg,,"0,355",,,,"8,5","12,7","7,5",mm66,81,95,mm66,,,,,,,#REF!,,,,,,,,,,,,,,mm66,Tc electronic,spark booster,Tc electronic spark booster,,,,,,,,,
mm67,Tascam,Dr-70D,,http://www.falcofilms.com/uploadsSystem/shopping/files/images/nThmGecB7F.jpg,,"0,875",,,,21,27,11,mm67,244,230,mm67,,,,,,,#REF!,,,,,,,,,,,,,,mm67,Tascam,Dr-70D,Tascam Dr-70D,,,,,,,,,
mm68,Alesis,Samplepad pro,,#N/A,,"3,25",,,,43,36,"9,3",mm68,255,255,mm68,,,,,,,#REF!,,,,,,,,,,,,,,mm68,Alesis,Samplepad pro,Alesis Samplepad pro,,,,,,,,,
mm69,GoPro,Hero 4 Session,,http://gadgetsmexico.mx/wp-content/uploads/2015/07/goprosession.jpg,,"0,455",,,,"10,7",25,6,mm69,255,192,mm69,,,,,,,#REF!,,,,,,,,,,,,,,mm69,GoPro,Hero 4 Session,GoPro Hero 4 Session,,,,,,,,,
mm70,Mxr,M193,,http://medias.audiofanzine.com/images/normal/mxr-m193-gt-od-overdrive-565051.jpg,,"0,55",,,,"14,2","11,2","6,5",mm70,95,89,mm70,,,,,,,#REF!,,,,,,,,,,,,,,mm70,Mxr,M193,Mxr M193,,,,,,,,,
mm71,Mxr,M102,,http://www.bhphotovideo.com/images/images1000x1000/mxr_m10217607_m102_dyna_comp_1171290.jpg,,"0,56",,,,"14,2","11,2","6,5",mm71,74,74,mm71,,,,,,,#REF!,,,,,,,,,,,,,,mm71,Mxr,M102,Mxr M102,,,,,,,,,
mm72,Mxr,M81,,http://www.waltons.ie/res/?s=MDZCRFVOLU04MS5qcGd8cHJvZHVjdHMuem9vbXxpbWFnZXxpbWFnZQ%3D%3D&ext=.jpg,,"0,43",,,,"14,2","11,2","6,5",mm72,149,149,mm72,,,,,,,#REF!,,,,,,,,,,,,,,mm72,Mxr,M81,Mxr M81,,,,,,,,,
mm73,Mxr,M87,,http://www.fimportchile.cl/tienda/image/data/MXR/MXR-M87-Bass-Compressor-big.png,,"0,435",,,,"14,2","11,2","6,5",mm73,172,162,mm73,,,,,,,#REF!,,,,,,,,,,,,,,mm73,Mxr,M87,Mxr M87,,,,,,,,,
mm74,Isp,Decimator II,,http://www.bestguitareffects.com/wp-content/uploads/Boss-NS-2-Noise-Suppressor-Review-Best-Guitar-Noise-Gate-Pedal-06.jpg,,"0,81",,,,"9,2","14,2","6,7",mm74,227,227,mm74,,,,,,,#REF!,,,,,,,,,,,,,,mm74,Isp,Decimator II,Isp Decimator II,,,,,,,,,
mm75,Xotic effects,Ep Booster,,http://www.musik-produktiv.co.uk/pic-010059322_02xl/xotic-ep-booster_02xl.jpg,,"0,375",,,,"7,7",14,"6,8",mm75,92,105,mm75,,,,,,,#REF!,,,,,,,,,,,,,,mm75,Xotic effects,Ep Booster,Xotic effects Ep Booster,,,,,,,,,
mm76,Tascam,Us-144 Mkii,,http://tascam.com/content/images/universal/products/205/main.jpg,,"1,13",,,,"24,3","20,2","10,4",mm76,100,100,mm76,,,,,,,#REF!,,,,,,,,,,,,,,mm76,Tascam,Us-144 Mkii,Tascam Us-144 Mkii,,,,,,,,,
mm77,Tc electronic,Ditto Looper x4,,http://ww2.sonicftp.com/news/images/26466_919.jpg,,"1,54",,,,"31,2","15,5","8,1",mm77,186,193,mm77,,,,,,,#REF!,,,,,,,,,,,,,,mm77,Tc electronic,Ditto Looper x4,Tc electronic Ditto Looper x4,,,,,,,,,
mm78,Electro Harmonix,Big Muff Deluxe Bass,,http://www.ehx.com/assets/jpg640h/deluxe-bass-big-muff-pi.jpg,,"0,71",,,,"18,5","15,6","7,7",mm78,121,121,mm78,,,,,,,#REF!,,,,,,,,,,,,,,mm78,Electro Harmonix,Big Muff Deluxe Bass,Electro Harmonix Big Muff Deluxe Bass,,,,,,,,,
mm79,Ebow,Ebow plus,,"http://c1.zzounds.com/media/fit,2018by3200/quality,85/EBowPic300x300_done-271aed62a2d6e985b4a18e4b1a41adf5.jpg",,"0,765",,,,10,"9,5","5,1",mm79,100,100,mm79,,,,,,,#REF!,,,,,,,,,,,,,,mm79,Ebow,Ebow plus,Ebow Ebow plus,,,,,,,,,
mm80,Tech 21,SansAmp Programable bass Driver DI,,http://www.rainbowguitars.com/imagesproduct/te/tepbdr-xl-05.jpg,,"0,845",,,,"21,4",15,"6,1",mm80,176,180,mm80,,,,,,,#REF!,,,,,,,,,,,,,,mm80,Tech 21,SansAmp Programable bass Driver DI,Tech 21 SansAmp Programable bass Driver DI,,,,,,,,,
mm81,Zoom,MS-60B MultiStomp,,http://www.citymusic.com.sg/webshaper/pcm/pictures/Zoom/MS-60B/zoom_MS-60B_top_lrg.jpg,,,,,,,,,mm81,90,89,mm81,,,,,,,#REF!,,,,,,,,,,,,,,mm81,Zoom,MS-60B MultiStomp,Zoom MS-60B MultiStomp,,,,,,,,,
mm82,Native Instruments,Komplete audio 6,,"http://images.samash.com/sa/N21/N21066XXX-P.fpx?cell=780,500&qlt=90&cvt=jpg",,"0,5",,NO,,,,,mm82,210,210,mm82,,,,,,,#REF!,,,,,,,,,,,,,,mm82,Native Instruments,Komplete audio 6,Native Instruments Komplete audio 6,,,,,,,,,
mm83,Tc Electronic,Shaker mini vibrato,,http://www.music-expert.ru/published/publicdata/WEBASYST/attachments/SC/products_pictures/big/MI-1404395060-TC%20ELECTRONIC%20Shaker%20Mini%20Vibrato.jpg,,"0,215",,NO,,,,,mm83,73,72,mm83,,,,,,,#REF!,,,,,,,,,,,,,,mm83,Tc Electronic,Shaker mini vibrato,Tc Electronic Shaker mini vibrato,,,,,,,,,
mm84,Korg,MicroKey2 49,,0,,,,,,,,,mm84,108,108,mm84,,,,,,,#REF!,,,,,,,,,,,,,,mm84,Korg,MicroKey2 49,Korg MicroKey2 49,,,,,,,,,
mm85,Allwinner,1280x800 High Resolution HD 15,,http://i.ebayimg.com/images/g/WXAAAOSwuTxWBKis/s-l1600.jpg,,"0,3",,NO,,,,,mm85,85,84,mm85,,,,,,,#REF!,,,,,,,,,,,,,,mm85,Allwinner,1280x800 High Resolution HD 15,Allwinner 1280x800 High Resolution HD 15,,,,,,,,,
mm86,Zoom,Q8,,http://www.bax-shop.nl/images/ZOOM_Q8_nieuws.jpg,,"1,5",,,,,,,mm86,334,336,mm86,,,,,,,#REF!,,,,,,,,,,,,,,mm86,Zoom,Q8,Zoom Q8,,,,,,,,,
mm87,Garmin,Forerunner 310XT,,http://www.flowbikestore.com/image/data/Garmin/garmin_forunner_310XT_768%20con%20logo.jpg,,"0,4",,NO,,,,,mm87,94,155,mm87,,,,,,,#REF!,,,,,,,,,,,,,,mm87,Garmin,Forerunner 310XT,Garmin Forerunner 310XT,,,,,,,,,
mm88,Tech 21,SansAmp GT2,,http://media.guitarcenter.com/is/image/MMGS7/SansAmp-GT2-Tube-Amp-Emulator/480208000000000-00-500x500.jpg,,,,,,,,,mm88,155,,mm88,,,,,,,#REF!,,,,,,,,,,,,,,mm88,Tech 21,SansAmp GT2,Tech 21 SansAmp GT2,,,,,,,,,
mm89,TC Helicon,Mp-75,,https://news.musicstore.de/wp-content/uploads/2010/11/TC_MP_800.jpg,,1,,,,,,,mm89,70,69,mm89,,,,,,,#REF!,,,,,,,,,,,,,,mm89,TC Helicon,#¡REF!,TC Helicon Mp-75,,,,,,,,,
mm90,Mxr,M169,,http://static.musicroom.com/img/c/f/M169.jpg,,"0,58",,,,,,,mm90,92,169,mm90,,,,,,,#REF!,,,,,,,,,,,,,,mm90,Mxr,Mp-75,Xotic effects Ep Booster,,,,,,,,,
mm91,Gopro,Hero 4 Music Black,,https://s-media-cache-ak0.pinimg.com/736x/a8/93/85/a893855b53824101a62e5d8826d56e6b.jpg,,"0,75",,,,,,,mm91,401,399,mm91,,,,,,,#REF!,,,,,,,,,,,,,,mm91,Gopro,M169,Gopro Hero 4 Music Black,,,,,,,,,
xxx-3,Rode,Nt Usb,,,,2,,,,,,,xxx-3,141,140,xxx-3,,,,,,,#REF!,,,,,,,,,,,,,,xxx-3,Rode,Nt Usb,Rode Nt Usb,,,,,,,,,
,,,,,,,,,,,,,,0,,0,,,,,,,#REF!,,,,,,,,,,,,,,0,0,0,,,,,,,,,,
,,,,,,,,,,,,,,0,,0,,,,,,,#REF!,,,,,,,,,,,,,,0,0,0,,,,,,,,,,
,,,,,,,,,,,,,,94,,0,,,,,,,#REF!,,,,,,,,,,,,,,0,0,0,Garmin Forerunner 310XT,,,,,,,,,
,,mm31,,,,,,,,,,,,0,,0,,,,,,,#REF!,,,,,,,,,,,,,,0,0,mm31,Tech 21 Tech 21 SansAmp GT2,,,,,,,,,
,,xx34,,,,,,,,,,,,70,,0,,,,,,,#REF!,,,,,,,,,,,,,,0,0,xx34,TC Helicon Mp-75,,,,,,,,,
,,xx68,,,,,,SI,,,,,,123,,0,,,,,,,#REF!,,,,,,,,,,,,,,0,0,xx68,Mxr M169,,,,,,,,,
,,mm37,,,,,,,,,,,,401,,0,,,,,,,#REF!,,,,,,,,,,,,,,0,0,mm37,Gopro Hero 4 Music Black,,,,,,,,,
,,mm3,,,,,,,,,,,,0,,0,,,,,,,#REF!,,,,,,,,,,,,,,0,0,mm3,mm3,,,,,,,,,
,,43,,,,,,,,,,,,0,,0,,,,,,,#REF!,,,,,,,,,,,,,,0,0,43,43,,,,,,,,,
,,xx21,,,,,,,,,,,,0,,0,,,,,,,#REF!,,,,,,,,,,,,,,0,0,xx21,xx21,,,,,,,,,
,,mm7,,,,,,,,,,,,0,,0,,,,,,,#REF!,,,,,,,,,,,,,,0,0,mm7,mm7,,,,,,,,,
,Tascam,Dr-60 Mkii,,,,"0,875",,NO,,,,,,177,179,0,,,,,,,#REF!,,,,,,,,,,,,,,0,Tascam,Dr-60 Mkii,Tascam Dr-60 Mkii,,,,,,,,,
,Korg,Electribe 2,,,,"3,1",,NO,,,,,,321,319,0,,,,,,,#REF!,,,,,,,,,,,,,,0,Korg,Electribe 2,Korg Electribe 2,,,,,,,,,
,,,,,,"0,4",,NO,,,,,,48,48,0,,,,,,,#REF!,,,,,,,,,,,,,,0,Sjcam,Sj4000 Wifi,,,,,,,,,,
,Eventide,Timefactor,,,,"2,5",,,,,,,,342,341,0,,,,,,,#REF!,,,,,,,,,,,,,,0,Shimano,Corvalus 401,Eventide Timefactor,,,,,,,,,
,Sjcam,Sj4000 Wifi,,,,1,,,,,,,,71,70,0,,,,,,,#REF!,,,,,,,,,,,,,,0,Bose,Soundlink mini II,Sjcam Sj4000 Wifi,,,,,,,,,
,Shimano,Corvalus 401,,,,"1,3",,,,,,,,77,76,0,,,,,,,#REF!,,,,,,,,,,,,,,0,#¡REF!,#¡REF!,Shimano Corvalus 401,,,,,,,,,
,Bose,Soundlink mini II,,,,"1,6",,,,,,,,188,187,0,,,,,,,#REF!,,,,,,,,,,,,,,0,#¡REF!,#¡REF!,Bose Soundlink mini II,,,,,,,,,
,Bose,SoundLink On ear,,,,"1,5",,,,,,,,227,226,0,,,,,,,#REF!,,,,,,,,,,,,,,0,Bose,SoundLink On ear,Bose SoundLink On ear,,,,,,,,,
,Petzi,Treat Cam,,,,2,,,,,,,,165,164,0,,,,,,,#REF!,,,,,,,,,,,,,,0,Petzi,Treat Cam,Petzi Treat Cam,,,,,,,,,
,Roland,Bt-1,,,,1,,,,,,,,85,84,0,,,,,,,#REF!,,,,,,,,,,,,,,0,Roland,Bt-1,Roland Bt-1,,,,,,,,,
,IRIScan,Anywhere 3 Wifi,,,,1,,,,,,,,142,141,0,,,,,,,#REF!,,,,,,,,,,,,,,0,IRIScan,Anywhere 3 Wifi,IRIScan Anywhere 3 Wifi,,,,,,,,,
,Novation,Launchpad Mkii,,,,"1,3",,,,,,,,151,150,0,,,,,,,#REF!,,,,,,,,,,,,,,0,Novation,Launchpad Mkii,Novation Launchpad Mkii,,,,,,,,,
,Tc Helicon,Voicetone Create Xt,,,,"1,3",,,,,,,,154,153,0,,,,,,,#REF!,,,,,,,,,,,,,,0,Tc Helicon,Voicetone Create Xt,Tc Helicon Voicetone Create Xt,,,,,,,,,
,Pebble,Time watch,,,,"0,5",,,,,,,,#N/A,#N/A,0,,,,,,,#REF!,,,,,,,,,,,,,,0,Pebble,Time watch,Pebble Time watch,,,,,,,,,
,Mxr,M108 Eq,,,,"0,8",,,,,,,,122,121,0,,,,,,,#REF!,,,,,,,,,,,,,,0,Mxr,M108 Eq,Mxr M108 Eq,,,,,,,,,
,Mxr,M116 Fullbore Metal,,,,"0,8",,,,,,,,86,85,0,,,,,,,#REF!,,,,,,,,,,,,,,0,Mxr,M116 Fullbore Metal,Mxr M116 Fullbore Metal,,,,,,,,,
,Mxr,M89 Bass Overdrive,,,,"0,8",,,,,,,,131,130,0,,,,,,,#REF!,,,,,,,,,,,,,,0,Mxr,M89 Bass Overdrive,Mxr M89 Bass Overdrive,,,,,,,,,
,Mxr,M101 Phase 90,,,,"0,6",,,,,,,,72,71,0,,,,,,,#REF!,,,,,,,,,,,,,,0,Mxr,M101 Phase 90,Mxr M101 Phase 90,,,,,,,,,
,Mxr,M133 Micro Amp,,,,"0,7",,,,,,,,80,79,0,,,,,,,#REF!,,,,,,,,,,,,,,0,Mxr,M133 Micro Amp,,,,,,,,,,
,Zoom,B3,,,,"1,5",,,,,,,,167,166,0,,,,,,,#REF!,,,,,,,,,,,,,,0,Zoom,B3,,,,,,,,,,
,Zoom,G3x,,,,2,,,,,,,,171,170,0,,,,,,,#REF!,,,,,,,,,,,,,,0,Zoom,G3x,,,,,,,,,,
,Sennheiser,Hd 201,,,,,,,,,,,,1,0,0,,,,,,,#REF!,,,,,,,,,,,,,,0,Sennheiser,Hd 201,,,,,,,,,,
,Beheringer,U-Phoria UMC202,,,,"1,4",,,,,,,,61,60,0,,,,,,,#REF!,,,,,,,,,,,,,,0,Beheringer,U-Phoria UMC202,,,,,,,,,,
,Cry Baby,S359,,,,2,,,,,,,,#N/A,#N/A,0,,,,,,,#REF!,,,,,,,,,,,,,,0,Cry Baby,S359,,,,,,,,,,
,Vox,Delaylab,,,,"1,5",,,,,,,,219,216,0,,,,,,,#REF!,,,,,,,,,,,,,,0,Vox,Delaylab,,,,,,,,,,
,Native instruments,Traktor kontrol S2,,,,3,,,,,,,,370,369,0,,,,,,,#REF!,,,,,,,,,,,,,,0,Native instruments,Traktor kontrol S2,,,,,,,,,,
,Presonus,Audiobox Itwo,,,,"1,5",,,,,,,,128,128,0,,,,,,,#REF!,,,,,,,,,,,,,,0,Presonus,Audiobox Itwo,,,,,,,,,,
,,,,,,,,,,,,,,0,,0,,,,,,,#REF!,,,,,,,,,,,,,,0,0,0,,,,,,,,,,
,Zoom,R24,,,,3,,,,,,,,400,325,0,,,,,,,#REF!,,,,,,,,,,,,,,0,Zoom,R24,,,,,,,,,,
,,,,,,,,,,,,,,0,,0,,,,,,,#REF!,,,,,,,,,,,,,,0,0,0,,,,,,,,,,
,,,,,,"0,3",,,,,,,,49,47,0,,,,,,,#REF!,,,,,,,,,,,,,,0,0,0,,,,,,,,,,
,,,,,,"1,5",,,,,,,,146,145,0,,,,,,,#REF!,,,,,,,,,,,,,,0,0,0,,,,,,,,,,
,,,,,,,,,,,,,,0,,0,,,,,,,#REF!,,,,,,,,,,,,,,0,0,0,,,,,,,,,,
xxx-1,Eventide,Timefactor Twin Delay,,,,,,,,,,,xxx-1,0,,xxx-1,,,,,,,#REF!,,,,,,,,,,,,,,xxx-1,Eventide,Timefactor Twin Delay,,,,,,,,,,
xxx-2,Boss,Md-2,,,,,,,,,,,xxx-2,50,,xxx-2,,,,,,,#REF!,,,,,,,,,,,,,,xxx-2,Boss,Md-2,,,,,,,,,,
xxx-10,Shimano,Corvalus 401,,,,,,,,,,,xxx-10,77,,xxx-10,,,,,,,#REF!,,,,,,,,,,,,,,xxx-10,Shimano,Corvalus 401,,,,,,,,,,
xxx-12,Bose,SoundLink On ear,,,,,,,,,,,xxx-12,227,,xxx-12,,,,,,,#REF!,,,,,,,,,,,,,,xxx-12,Bose,SoundLink On ear,,,,,,,,,,
xxx-13,Petzi,Treat Cam,,,,,,,,,,,xxx-13,0,,xxx-13,,,,,,,#REF!,,,,,,,,,,,,,,xxx-13,Petzi,Treat Cam,,,,,,,,,,
xxx-15,IRIScan,Anywhere 3 usb,,,,,,,,,,,xxx-15,0,,xxx-15,,,,,,,#REF!,,,,,,,,,,,,,,xxx-15,IRIScan,Anywhere 3 usb,,,,,,,,,,
xxx-18,,,,,,,,,,,,,xxx-18,0,,xxx-18,,,,,,,#REF!,,,,,,,,,,,,,,xxx-18,0,0,,,,,,,,,,
xxx-19,Mxr,M108 Eq,,,,,,,,,,,xxx-19,0,,xxx-19,,,,,,,#REF!,,,,,,,,,,,,,,xxx-19,Mxr,M108 Eq,,,,,,,,,,
xxx-20,Mxr,M116 Fullbore Metal,,,,,,,,,,,xxx-20,0,,xxx-20,,,,,,,#REF!,,,,,,,,,,,,,,xxx-20,Mxr,M116 Fullbore Metal,,,,,,,,,,
xxx-21,Mxr,M89 Bass Overdrive,,,,,,,,,,,xxx-21,0,,xxx-21,,,,,,,#REF!,,,,,,,,,,,,,,xxx-21,Mxr,M89 Bass Overdrive,,,,,,,,,,
xxx-24,Zoom,B3,,,,,,,,,,,xxx-24,0,,xxx-24,,,,,,,#REF!,,,,,,,,,,,,,,xxx-24,Zoom,B3,,,,,,,,,,
xxx-26,,,,,,,,,,,,,xxx-26,0,,xxx-26,,,,,,,#REF!,,,,,,,,,,,,,,xxx-26,0,0,,,,,,,,,,
xxx-27,Beheringer,U-Phoria UMC202,,,,,,,,,,,xxx-27,0,,xxx-27,,,,,,,#REF!,,,,,,,,,,,,,,xxx-27,Beheringer,U-Phoria UMC202,,,,,,,,,,
xxx-30,Native instruments,Traktor kontrol S2 Mkii,,,,,,,,,,,xxx-30,0,,xxx-30,,,,,,,#REF!,,,,,,,,,,,,,,xxx-30,Native instruments,Traktor kontrol S2 Mkii,,,,,,,,,,
xxx-35,GoPro,Hero 4 Black Refubrished,,,,,,,,,,,xxx-35,0,,xxx-35,,,,,,,#REF!,,,,,,,,,,,,,,xxx-35,GoPro,Hero 4 Black Refubrished,,,,,,,,,,
xxx-36,Boss,Mt2,,,,,,,,,,,xxx-36,0,,xxx-36,,,,,,,#REF!,,,,,,,,,,,,,,xxx-36,Boss,Mt2,,,,,,,,,,
xxx-37,Keith McMillen,SoftStep 2,,,,,,,,,,,xxx-37,0,,xxx-37,,,,,,,#REF!,,,,,,,,,,,,,,xxx-37,Keith McMillen,SoftStep 2,,,,,,,,,,
xxx-38,Hotone,Skyline Series WALLY Looper Mini,,,,,,,,,,,xxx-38,0,,xxx-38,,,,,,,#REF!,,,,,,,,,,,,,,xxx-38,Hotone,Skyline Series WALLY Looper Mini,,,,,,,,,,
xxx-9,Sjcam,Sj4000 Wifi,,,,,,,,,,,xxx-9,,,xxx-9,,,,,,,#REF!,,,,,,,,,,,,,,xxx-9,Sjcam,Sj4000 Wifi,,,,,,,,,,
,,,,,,,,,,,,,,,,0,,,,,,,#REF!,,,,,,,,,,,,,,0,0,0,,,,,,,,,,
,,,,,,,,,,,,,,,,0,,,,,,,#REF!,,,,,,,,,,,,,,0,0,0,,,,,,,,,,
,,,,,,,,,,,,,,,,0,,,,,,,#REF!,,,,,,,,,,,,,,0,0,0,,,,,,,,,,
,,,,,,,,,,,,,,,,0,,,,,,,#REF!,,,,,,,,,,,,,,0,0,0,,,,,,,,,,
,,,,,,,,,,,,,,,,0,,,,,,,#REF!,,,,,,,,,,,,,,0,0,0,,,,,,,,,,
,,,,,,,,,,,,,,,,0,,,,,,,#REF!,,,,,,,,,,,,,,0,0,0,,,,,,,,,,
,,,,,,,,,,,,,,,,0,,,,,,,#REF!,,,,,,,,,,,,,,0,0,0,,,,,,,,,,
,,,,,,,,,,,,,,,,0,,,,,,,#REF!,,,,,,,,,,,,,,0,0,0,,,,,,,,,,
,,,,,,,,,,,,,,,,0,,,,,,,#REF!,,,,,,,,,,,,,,0,0,0,,,,,,,,,,
,,,,,,,,,,,,,,,,0,,,,,,,#REF!,,,,,,,,,,,,,,0,0,0,,,,,,,,,,
,,,,,,,,,,,,,,,,0,,,,,,,#REF!,,,,,,,,,,,,,,0,0,0,,,,,,,,,,
,,,,,,,,,,,,,,,,0,,,,,,,#REF!,,,,,,,,,,,,,,0,0,0,,,,,,,,,,
,,,,,,,,,,,,,,,,0,,,,,,,#REF!,,,,,,,,,,,,,,0,0,0,,,,,,,,,,
,,,,,,,,,,,,,,,,0,,,,,,,#REF!,,,,,,,,,,,,,,0,0,0,,,,,,,,,,
,,,,,,,,,,,,,,,,0,,,,,,,#REF!,,,,,,,,,,,,,,0,0,0,,,,,,,,,,
,,,,,,,,,,,,,,,,0,,,,,,,#REF!,,,,,,,,,,,,,,0,0,0,,,,,,,,,,
,,,,,,,,,,,,,,,,0,,,,,,,#REF!,,,,,,,,,,,,,,0,0,0,,,,,,,,,,
,,,,,,,,,,,,,,,,0,,,,,,,#REF!,,,,,,,,,,,,,,0,0,0,,,,,,,,,,
,,,,,,,,,,,,,,,,0,,,,,,,#REF!,,,,,,,,,,,,,,0,0,0,,,,,,,,,,
,,,,,,,,,,,,,,,,0,,,,,,,#REF!,,,,,,,,,,,,,,0,0,0,,,,,,,,,,
,,,,,,,,,,,,,,,,0,,,,,,,#REF!,,,,,,,,,,,,,,0,0,0,,,,,,,,,,
,,,,,,,,,,,,,,,,0,,,,,,,#REF!,,,,,,,,,,,,,,0,0,0,,,,,,,,,,
,,,,,,,,,,,,,,,,0,,,,,,,#REF!,,,,,,,,,,,,,,0,0,0,,,,,,,,,,
,,,,,,,,,,,,,,,,0,,,,,,,#REF!,,,,,,,,,,,,,,0,0,0,,,,,,,,,,
,,,,,,,,,,,,,,,,0,,,,,,,#REF!,,,,,,,,,,,,,,0,0,0,,,,,,,,,,
,,,,,,,,,,,,,,,,0,,,,,,,#REF!,,,,,,,,,,,,,,0,0,0,,,,,,,,,,
,,,,,,,,,,,,,,,,0,,,,,,,#REF!,,,,,,,,,,,,,,0,0,0,,,,,,,,,,
,,,,,,,,,,,,,,,,0,,,,,,,#REF!,,,,,,,,,,,,,,0,0,0,,,,,,,,,,
,,,,,,,,,,,,,,,,0,,,,,,,#REF!,,,,,,,,,,,,,,0,0,0,,,,,,,,,,
,,,,,,,,,,,,,,,,0,,,,,,,#REF!,,,,,,,,,,,,,,0,0,0,,,,,,,,,,
,,,,,,,,,,,,,,,,0,,,,,,,#REF!,,,,,,,,,,,,,,0,0,0,,,,,,,,,,
,,,,,,,,,,,,,,,,0,,,,,,,#REF!,,,,,,,,,,,,,,0,0,0,,,,,,,,,,
,,,,,,,,,,,,,,,,0,,,,,,,#REF!,,,,,,,,,,,,,,0,0,0,,,,,,,,,,
,,,,,,,,,,,,,,,,0,,,,,,,#REF!,,,,,,,,,,,,,,0,0,0,,,,,,,,,,
,,,,,,,,,,,,,,,,0,,,,,,,#REF!,,,,,,,,,,,,,,0,0,0,,,,,,,,,,
,,,,,,,,,,,,,,,,0,,,,,,,#REF!,,,,,,,,,,,,,,0,0,0,,,,,,,,,,
,,,,,,,,,,,,,,,,0,,,,,,,#REF!,,,,,,,,,,,,,,0,0,0,,,,,,,,,,
,,,,,,,,,,,,,,,,0,,,,,,,#REF!,,,,,,,,,,,,,,0,0,0,,,,,,,,,,
,,,,,,,,,,,,,,,,0,,,,,,,#REF!,,,,,,,,,,,,,,0,0,0,,,,,,,,,,
,,,,,,,,,,,,,,,,0,,,,,,,#REF!,,,,,,,,,,,,,,0,0,0,,,,,,,,,,
,,,,,,,,,,,,,,,,0,,,,,,,#REF!,,,,,,,,,,,,,,0,0,0,,,,,,,,,,
,,,,,,,,,,,,,,,,0,,,,,,,#REF!,,,,,,,,,,,,,,0,0,0,,,,,,,,,,
,,,,,,,,,,,,,,,,0,,,,,,,#REF!,,,,,,,,,,,,,,0,0,0,,,,,,,,,,
,,,,,,,,,,,,,,,,0,,,,,,,#REF!,,,,,,,,,,,,,,0,0,0,,,,,,,,,,
,,,,,,,,,,,,,,,,0,,,,,,,#REF!,,,,,,,,,,,,,,0,0,0,,,,,,,,,,
,,,,,,,,,,,,,,,,0,,,,,,,#REF!,,,,,,,,,,,,,,0,0,0,,,,,,,,,,
,,,,,,,,,,,,,,,,0,,,,,,,#REF!,,,,,,,,,,,,,,0,0,0,,,,,,,,,,
,,,,,,,,,,,,,,,,0,,,,,,,#REF!,,,,,,,,,,,,,,0,0,0,,,,,,,,,,
,,,,,,,,,,,,,,,,0,,,,,,,#REF!,,,,,,,,,,,,,,0,0,0,,,,,,,,,,
,,,,,,,,,,,,,,,,0,,,,,,,#REF!,,,,,,,,,,,,,,0,0,0,,,,,,,,,,
,,,,,,,,,,,,,,,,0,,,,,,,#REF!,,,,,,,,,,,,,,0,0,0,,,,,,,,,,
,,,,,,,,,,,,,,,,0,,,,,,,#REF!,,,,,,,,,,,,,,0,0,0,,,,,,,,,,
,,,,,,,,,,,,,,,,0,,,,,,,#REF!,,,,,,,,,,,,,,0,0,0,,,,,,,,,,
,,,,,,,,,,,,,,,,0,,,,,,,#REF!,,,,,,,,,,,,,,0,0,0,,,,,,,,,,
,,,,,,,,,,,,,,,,0,,,,,,,#REF!,,,,,,,,,,,,,,,,,,,,,,,,,,
,,,,,,,,,,,,,,,,0,,,,,,,#REF!,,,,,,,,,,,,,,,,,,,,,,,,,,
,,,,,,,,,,,,,,,,0,,,,,,,#REF!,,,,,,,,,,,,,,,,,,,,,,,,,,
,,,,,,,,,,,,,,,,0,,,,,,,#REF!,,,,,,,,,,,,,,,,,,,,,,,,,,
,,,,,,,,,,,,,,,,0,,,,,,,#REF!,,,,,,,,,,,,,,,,,,,,,,,,,,
,,,,,,,,,,,,,,,,0,,,,,,,#REF!,,,,,,,,,,,,,,,,,,,,,,,,,,
,,,,,,,,,,,,,,,,0,,,,,,,#REF!,,,,,,,,,,,,,,,,,,,,,,,,,,
,,,,,,,,,,,,,,,,0,,,,,,,#REF!,,,,,,,,,,,,,,,,,,,,,,,,,,
,,,,,,,,,,,,,,,,0,,,,,,,#REF!,,,,,,,,,,,,,,,,,,,,,,,,,,
,,,,,,,,,,,,,,,,0,,,,,,,#REF!,,,,,,,,,,,,,,,,,,,,,,,,,,
,,,,,,,,,,,,,,,,0,,,,,,,#REF!,,,,,,,,,,,,,,,,,,,,,,,,,,
,,,,,,,,,,,,,,,,0,,,,,,,#REF!,,,,,,,,,,,,,,,,,,,,,,,,,,
,,,,,,,,,,,,,,,,0,,,,,,,#REF!,,,,,,,,,,,,,,,,,,,,,,,,,,
,,,,,,,,,,,,,,,,0,,,,,,,#REF!,,,,,,,,,,,,,,,,,,,,,,,,,,
,,,,,,,,,,,,,,,,0,,,,,,,#REF!,,,,,,,,,,,,,,,,,,,,,,,,,,
,,,,,,,,,,,,,,,,0,,,,,,,#REF!,,,,,,,,,,,,,,,,,,,,,,,,,,
,,,,,,,,,,,,,,,,xxx-1,,,,,,,#REF!,,,,,,,,,,,,,,,,,,,,,,,,,,
,,,,,,,,,,,,,,,,xxx-2,,,,,,,#REF!,,,,,,,,,,,,,,,,,,,,,,,,,,
,,,,,,,,,,,,,,,,xxx-10,,,,,,,#REF!,,,,,,,,,,,,,,,,,,,,,,,,,,
,,,,,,,,,,,,,,,,xxx-12,,,,,,,#REF!,,,,,,,,,,,,,,,,,,,,,,,,,,
,,,,,,,,,,,,,,,,xxx-13,,,,,,,#REF!,,,,,,,,,,,,,,,,,,,,,,,,,,
,,,,,,,,,,,,,,,,xxx-14,,,,,,,#REF!,,,,,,,,,,,,,,,,,,,,,,,,,,
,,,,,,,,,,,,,,,,xxx-15,,,,,,,#REF!,,,,,,,,,,,,,,,,,,,,,,,,,,
,,,,,,,,,,,,,,,,xxx-17,,,,,,,#REF!,,,,,,,,,,,,,,,,,,,,,,,,,,
,,,,,,,,,,,,,,,,xxx-19,,,,,,,#REF!,,,,,,,,,,,,,,,,,,,,,,,,,,
,,,,,,,,,,,,,,,,xxx-20,,,,,,,#REF!,,,,,,,,,,,,,,,,,,,,,,,,,,
,,,,,,,,,,,,,,,,xxx-21,,,,,,,#REF!,,,,,,,,,,,,,,,,,,,,,,,,,,
,,,,,,,,,,,,,,,,xxx-24,,,,,,,#REF!,,,,,,,,,,,,,,,,,,,,,,,,,,
,,,,,,,,,,,,,,,,xxx-27,,,,,,,#REF!,,,,,,,,,,,,,,,,,,,,,,,,,,
,,,,,,,,,,,,,,,,xxx-30,,,,,,,#REF!,,,,,,,,,,,,,,,,,,,,,,,,,,
,,,,,,,,,,,,,,,,xxx-33,,,,,,,#REF!,,,,,,,,,,,,,,,,,,,,,,,,,,
,,,,,,,,,,,,,,,,xxx-35,,,,,,,#REF!,,,,,,,,,,,,,,,,,,,,,,,,,,
,,,,,,,,,,,,,,,,xxx-36,,,,,,,#REF!,,,,,,,,,,,,,,,,,,,,,,,,,,
,,,,,,,,,,,,,,,,xxx-37,,,,,,,#REF!,,,,,,,,,,,,,,,,,,,,,,,,,,
,,,,,,,,,,,,,,,,xxx-38,,,,,,,#REF!,,,,,,,,,,,,,,,,,,,,,,,,,,
,,,,,,,,,,,,,,,,0,,,,,,,#REF!,,,,,,,,,,,,,,,,,,,,,,,,,,
,,,,,,,,,,,,,,,,0,,,,,,,#REF!,,,,,,,,,,,,,,,,,,,,,,,,,,
,,,,,,,,,,,,,,,,0,,,,,,,#REF!,,,,,,,,,,,,,,,,,,,,,,,,,,
,,,,,,,,,,,,,,,,0,,,,,,,#REF!,,,,,,,,,,,,,,,,,,,,,,,,,,
,,,,,,,,,,,,,,,,0,,,,,,,#REF!,,,,,,,,,,,,,,,,,,,,,,,,,,
,,,,,,,,,,,,,,,,0,,,,,,,#REF!,,,,,,,,,,,,,,,,,,,,,,,,,,
,,,,,,,,,,,,,,,,x,,,,,,,#REF!,,,,,,,,,,,,,,,,,,,,,,,,,,
,,,,,,,,,,,,,,,,0,,,,,,,#REF!,,,,,,,,,,,,,,,,,,,,,,,,,,
,,,,,,,,,,,,,,,,0,,,,,,,#REF!,,,,,,,,,,,,,,,,,,,,,,,,,,
,,,,,,,,,,,,,,,,0,,,,,,,#REF!,,,,,,,,,,,,,,,,,,,,,,,,,,
,,,,,,,,,,,,,,,,0,,,,,,,#REF!,,,,,,,,,,,,,,,,,,,,,,,,,,
,,,,,,,,,,,,,,,,0,,,,,,,#REF!,,,,,,,,,,,,,,,,,,,,,,,,,,
,,,,,,,,,,,,,,,,0,,,,,,,#REF!,,,,,,,,,,,,,,,,,,,,,,,,,,
,,,,,,,,,,,,,,,,0,,,,,,,#REF!,,,,,,,,,,,,,,,,,,,,,,,,,,
,,,,,,,,,,,,,,,,0,,,,,,,#REF!,,,,,,,,,,,,,,,,,,,,,,,,,,
,,,,,,,,,,,,,,,,0,,,,,,,#REF!,,,,,,,,,,,,,,,,,,,,,,,,,,
,,,,,,,,,,,,,,,,0,,,,,,,#REF!,,,,,,,,,,,,,,,,,,,,,,,,,,
,,,,,,,,,,,,,,,,0,,,,,,,#REF!,,,,,,,,,,,,,,,,,,,,,,,,,,
,,,,,,,,,,,,,,,,0,,,,,,,#REF!,,,,,,,,,,,,,,,,,,,,,,,,,,
,,,,,,,,,,,,,,,,0,,,,,,,#REF!,,,,,,,,,,,,,,,,,,,,,,,,,,
,,,,,,,,,,,,,,,,0,,,,,,,#REF!,,,,,,,,,,,,,,,,,,,,,,,,,,
,,,,,,,,,,,,,,,,0,,,,,,,#REF!,,,,,,,,,,,,,,,,,,,,,,,,,,
,,,,,,,,,,,,,,,,0,,,,,,,#REF!,,,,,,,,,,,,,,,,,,,,,,,,,,
,,,,,,,,,,,,,,,,0,,,,,,,#REF!,,,,,,,,,,,,,,,,,,,,,,,,,,
,,,,,,,,,,,,,,,,0,,,,,,,#REF!,,,,,,,,,,,,,,,,,,,,,,,,,,
,,,,,,,,,,,,,,,,0,,,,,,,#REF!,,,,,,,,,,,,,,,,,,,,,,,,,,
,,,,,,,,,,,,,,,,0,,,,,,,#REF!,,,,,,,,,,,,,,,,,,,,,,,,,,
,,,,,,,,,,,,,,,,0,,,,,,,#REF!,,,,,,,,,,,,,,,,,,,,,,,,,,
,,,,,,,,,,,,,,,,0,,,,,,,#REF!,,,,,,,,,,,,,,,,,,,,,,,,,,
,,,,,,,,,,,,,,,,0,,,,,,,#REF!,,,,,,,,,,,,,,,,,,,,,,,,,,
,,,,,,,,,,,,,,,,0,,,,,,,#REF!,,,,,,,,,,,,,,,,,,,,,,,,,,
,,,,,,,,,,,,,,,,0,,,,,,,#REF!,,,,,,,,,,,,,,,,,,,,,,,,,,
,,,,,,,,,,,,,,,,0,,,,,,,#REF!,,,,,,,,,,,,,,,,,,,,,,,,,,
,,,,,,,,,,,,,,,,0,,,,,,,#REF!,,,,,,,,,,,,,,,,,,,,,,,,,,
,,,,,,,,,,,,,,,,0,,,,,,,#REF!,,,,,,,,,,,,,,,,,,,,,,,,,,
,,,,,,,,,,,,,,,,0,,,,,,,#REF!,,,,,,,,,,,,,,,,,,,,,,,,,,
,,,,,,,,,,,,,,,,0,,,,,,,#REF!,,,,,,,,,,,,,,,,,,,,,,,,,,
,,,,,,,,,,,,,,,,0,,,,,,,#REF!,,,,,,,,,,,,,,,,,,,,,,,,,,
,,,,,,,,,,,,,,,,0,,,,,,,#REF!,,,,,,,,,,,,,,,,,,,,,,,,,,
,,,,,,,,,,,,,,,,0,,,,,,,#REF!,,,,,,,,,,,,,,,,,,,,,,,,,,
,,,,,,,,,,,,,,,,0,,,,,,,#REF!,,,,,,,,,,,,,,,,,,,,,,,,,,
,,,,,,,,,,,,,,,,0,,,,,,,#REF!,,,,,,,,,,,,,,,,,,,,,,,,,,
,,,,,,,,,,,,,,,,0,,,,,,,#REF!,,,,,,,,,,,,,,,,,,,,,,,,,,
,,,,,,,,,,,,,,,,0,,,,,,,#REF!,,,,,,,,,,,,,,,,,,,,,,,,,,
,,,,,,,,,,,,,,,,0,,,,,,,#REF!,,,,,,,,,,,,,,,,,,,,,,,,,,
,,,,,,,,,,,,,,,,0,,,,,,,#REF!,,,,,,,,,,,,,,,,,,,,,,,,,,
,,,,,,,,,,,,,,,,0,,,,,,,#REF!,,,,,,,,,,,,,,,,,,,,,,,,,,
,,,,,,,,,,,,,,,,0,,,,,,,#REF!,,,,,,,,,,,,,,,,,,,,,,,,,,
,,,,,,,,,,,,,,,,0,,,,,,,#REF!,,,,,,,,,,,,,,,,,,,,,,,,,,
,,,,,,,,,,,,,,,,0,,,,,,,,,,,,,,,,,,,,,,,,,,,,,,,,,
,,,,,,,,,,,,,,,,0,,,,,,,,,,,,,,,,,,,,,,,,,,,,,,,,,
,,,,,,,,,,,,,,,,0,,,,,,,,,,,,,,,,,,,,,,,,,,,,,,,,,
,,,,,,,,,,,,,,,,0,,,,,,,,,,,,,,,,,,,,,,,,,,,,,,,,,
,,,,,,,,,,,,,,,,0,,,,,,,,,,,,,,,,,,,,,,,,,,,,,,,,,
,,,,,,,,,,,,,,,,0,,,,,,,,,,,,,,,,,,,,,,,,,,,,,,,,,
,,,,,,,,,,,,,,,,0,,,,,,,,,,,,,,,,,,,,,,,,,,,,,,,,,
,,,,,,,,,,,,,,,,0,,,,,,,,,,,,,,,,,,,,,,,,,,,,,,,,,
,,,,,,,,,,,,,,,,0,,,,,,,,,,,,,,,,,,,,,,,,,,,,,,,,,
,,,,,,,,,,,,,,,,0,,,,,,,,,,,,,,,,,,,,,,,,,,,,,,,,,
,,,,,,,,,,,,,,,,0,,,,,,,,,,,,,,,,,,,,,,,,,,,,,,,,,
,,,,,,,,,,,,,,,,0,,,,,,,,,,,,,,,,,,,,,,,,,,,,,,,,,
,,,,,,,,,,,,,,,,0,,,,,,,,,,,,,,,,,,,,,,,,,,,,,,,,,
,,,,,,,,,,,,,,,,0,,,,,,,,,,,,,,,,,,,,,,,,,,,,,,,,,
,,,,,,,,,,,,,,,,0,,,,,,,,,,,,,,,,,,,,,,,,,,,,,,,,,
,,,,,,,,,,,,,,,,0,,,,,,,,,,,,,,,,,,,,,,,,,,,,,,,,,
,,,,,,,,,,,,,,,,0,,,,,,,,,,,,,,,,,,,,,,,,,,,,,,,,,
,,,,,,,,,,,,,,,,0,,,,,,,,,,,,,,,,,,,,,,,,,,,,,,,,,
,,,,,,,,,,,,,,,,0,,,,,,,,,,,,,,,,,,,,,,,,,,,,,,,,,
,,,,,,,,,,,,,,,,0,,,,,,,,,,,,,,,,,,,,,,,,,,,,,,,,,
,,,,,,,,,,,,,,,,0,,,,,,,,,,,,,,,,,,,,,,,,,,,,,,,,,
,,,,,,,,,,,,,,,,0,,,,,,,,,,,,,,,,,,,,,,,,,,,,,,,,,
,,,,,,,,,,,,,,,,0,,,,,,,,,,,,,,,,,,,,,,,,,,,,,,,,,
,,,,,,,,,,,,,,,,0,,,,,,,,,,,,,,,,,,,,,,,,,,,,,,,,,
,,,,,,,,,,,,,,,,0,,,,,,,,,,,,,,,,,,,,,,,,,,,,,,,,,
,,,,,,,,,,,,,,,,0,,,,,,,,,,,,,,,,,,,,,,,,,,,,,,,,,
,,,,,,,,,,,,,,,,0,,,,,,,,,,,,,,,,,,,,,,,,,,,,,,,,,
,,,,,,,,,,,,,,,,0,,,,,,,,,,,,,,,,,,,,,,,,,,,,,,,,,
,,,,,,,,,,,,,,,,0,,,,,,,,,,,,,,,,,,,,,,,,,,,,,,,,,
,,,,,,,,,,,,,,,,0,,,,,,,,,,,,,,,,,,,,,,,,,,,,,,,,,
,,,,,,,,,,,,,,,,0,,,,,,,,,,,,,,,,,,,,,,,,,,,,,,,,,
,,,,,,,,,,,,,,,,0,,,,,,,,,,,,,,,,,,,,,,,,,,,,,,,,,
,,,,,,,,,,,,,,,,0,,,,,,,,,,,,,,,,,,,,,,,,,,,,,,,,,
,,,,,,,,,,,,,,,,0,,,,,,,,,,,,,,,,,,,,,,,,,,,,,,,,,
,,,,,,,,,,,,,,,,0,,,,,,,,,,,,,,,,,,,,,,,,,,,,,,,,,
,,,,,,,,,,,,,,,,0,,,,,,,,,,,,,,,,,,,,,,,,,,,,,,,,,
,,,,,,,,,,,,,,,,0,,,,,,,,,,,,,,,,,,,,,,,,,,,,,,,,,
,,,,,,,,,,,,,,,,0,,,,,,,,,,,,,,,,,,,,,,,,,,,,,,,,,
,,,,,,,,,,,,,,,,0,,,,,,,,,,,,,,,,,,,,,,,,,,,,,,,,,
,,,,,,,,,,,,,,,,0,,,,,,,,,,,,,,,,,,,,,,,,,,,,,,,,,
,,,,,,,,,,,,,,,,0,,,,,,,,,,,,,,,,,,,,,,,,,,,,,,,,,
,,,,,,,,,,,,,,,,0,,,,,,,,,,,,,,,,,,,,,,,,,,,,,,,,,
,,,,,,,,,,,,,,,,0,,,,,,,,,,,,,,,,,,,,,,,,,,,,,,,,,
,,,,,,,,,,,,,,,,0,,,,,,,,,,,,,,,,,,,,,,,,,,,,,,,,,
,,,,,,,,,,,,,,,,0,,,,,,,,,,,,,,,,,,,,,,,,,,,,,,,,,
,,,,,,,,,,,,,,,,0,,,,,,,,,,,,,,,,,,,,,,,,,,,,,,,,,
,,,,,,,,,,,,,,,,0,,,,,,,,,,,,,,,,,,,,,,,,,,,,,,,,,
,,,,,,,,,,,,,,,,0,,,,,,,,,,,,,,,,,,,,,,,,,,,,,,,,,
,,,,,,,,,,,,,,,,0,,,,,,,,,,,,,,,,,,,,,,,,,,,,,,,,,
,,,,,,,,,,,,,,,,0,,,,,,,,,,,,,,,,,,,,,,,,,,,,,,,,,
,,,,,,,,,,,,,,,,0,,,,,,,,,,,,,,,,,,,,,,,,,,,,,,,,,
,,,,,,,,,,,,,,,,0,,,,,,,,,,,,,,,,,,,,,,,,,,,,,,,,,
,,,,,,,,,,,,,,,,0,,,,,,,,,,,,,,,,,,,,,,,,,,,,,,,,,
,,,,,,,,,,,,,,,,0,,,,,,,,,,,,,,,,,,,,,,,,,,,,,,,,,
,,,,,,,,,,,,,,,,0,,,,,,,,,,,,,,,,,,,,,,,,,,,,,,,,,
,,,,,,,,,,,,,,,,0,,,,,,,,,,,,,,,,,,,,,,,,,,,,,,,,,
,,,,,,,,,,,,,,,,0,,,,,,,,,,,,,,,,,,,,,,,,,,,,,,,,,
,,,,,,,,,,,,,,,,0,,,,,,,,,,,,,,,,,,,,,,,,,,,,,,,,,
,,,,,,,,,,,,,,,,0,,,,,,,,,,,,,,,,,,,,,,,,,,,,,,,,,
,,,,,,,,,,,,,,,,0,,,,,,,,,,,,,,,,,,,,,,,,,,,,,,,,,
,,,,,,,,,,,,,,,,0,,,,,,,,,,,,,,,,,,,,,,,,,,,,,,,,,
,,,,,,,,,,,,,,,,0,,,,,,,,,,,,,,,,,,,,,,,,,,,,,,,,,
,,,,,,,,,,,,,,,,0,,,,,,,,,,,,,,,,,,,,,,,,,,,,,,,,,
,,,,,,,,,,,,,,,,0,,,,,,,,,,,,,,,,,,,,,,,,,,,,,,,,,
,,,,,,,,,,,,,,,,0,,,,,,,,,,,,,,,,,,,,,,,,,,,,,,,,,
,,,,,,,,,,,,,,,,0,,,,,,,,,,,,,,,,,,,,,,,,,,,,,,,,,
,,,,,,,,,,,,,,,,0,,,,,,,,,,,,,,,,,,,,,,,,,,,,,,,,,
,,,,,,,,,,,,,,,,0,,,,,,,,,,,,,,,,,,,,,,,,,,,,,,,,,
,,,,,,,,,,,,,,,,0,,,,,,,,,,,,,,,,,,,,,,,,,,,,,,,,,
,,,,,,,,,,,,,,,,0,,,,,,,,,,,,,,,,,,,,,,,,,,,,,,,,,
,,,,,,,,,,,,,,,,0,,,,,,,,,,,,,,,,,,,,,,,,,,,,,,,,,
,,,,,,,,,,,,,,,,0,,,,,,,,,,,,,,,,,,,,,,,,,,,,,,,,,
,,,,,,,,,,,,,,,,0,,,,,,,,,,,,,,,,,,,,,,,,,,,,,,,,,
,,,,,,,,,,,,,,,,0,,,,,,,,,,,,,,,,,,,,,,,,,,,,,,,,,
,,,,,,,,,,,,,,,,0,,,,,,,,,,,,,,,,,,,,,,,,,,,,,,,,,
,,,,,,,,,,,,,,,,0,,,,,,,,,,,,,,,,,,,,,,,,,,,,,,,,,
,,,,,,,,,,,,,,,,0,,,,,,,,,,,,,,,,,,,,,,,,,,,,,,,,,
,,,,,,,,,,,,,,,,0,,,,,,,,,,,,,,,,,,,,,,,,,,,,,,,,,
,,,,,,,,,,,,,,,,0,,,,,,,,,,,,,,,,,,,,,,,,,,,,,,,,,
,,,,,,,,,,,,,,,,0,,,,,,,,,,,,,,,,,,,,,,,,,,,,,,,,,
,,,,,,,,,,,,,,,,0,,,,,,,,,,,,,,,,,,,,,,,,,,,,,,,,,
,,,,,,,,,,,,,,,,0,,,,,,,,,,,,,,,,,,,,,,,,,,,,,,,,,
,,,,,,,,,,,,,,,,0,,,,,,,,,,,,,,,,,,,,,,,,,,,,,,,,,
,,,,,,,,,,,,,,,,0,,,,,,,,,,,,,,,,,,,,,,,,,,,,,,,,,
,,,,,,,,,,,,,,,,0,,,,,,,,,,,,,,,,,,,,,,,,,,,,,,,,,
,,,,,,,,,,,,,,,,0,,,,,,,,,,,,,,,,,,,,,,,,,,,,,,,,,
,,,,,,,,,,,,,,,,0,,,,,,,,,,,,,,,,,,,,,,,,,,,,,,,,,
,,,,,,,,,,,,,,,,0,,,,,,,,,,,,,,,,,,,,,,,,,,,,,,,,,
,,,,,,,,,,,,,,,,0,,,,,,,,,,,,,,,,,,,,,,,,,,,,,,,,,
,,,,,,,,,,,,,,,,0,,,,,,,,,,,,,,,,,,,,,,,,,,,,,,,,,
,,,,,,,,,,,,,,,,0,,,,,,,,,,,,,,,,,,,,,,,,,,,,,,,,,
,,,,,,,,,,,,,,,,0,,,,,,,,,,,,,,,,,,,,,,,,,,,,,,,,,
,,,,,,,,,,,,,,,,0,,,,,,,,,,,,,,,,,,,,,,,,,,,,,,,,,
,,,,,,,,,,,,,,,,0,,,,,,,,,,,,,,,,,,,,,,,,,,,,,,,,,