,,Título,Id,Precio,IdSeller,Nickname,Stock,Cantidad Ventas,Exposicion,MercadoPago ,T. Oficial,Condición,Cuotas,Envío Gratis,Días publicados
58,dolphin e10 robot limpia pileta piscina- consultar stock!!,Robot Dolphin Piscina E10 Limpia Barrefondo Pileta Automatic,MLA604976779,19855,716559,DECOHOGAR,999,285,Clásica,Si, ,Nuevo,6,Si,533
54,irobot roomba 650 aspiradora robot- consultar stock!!!,Irobot Roomba 650 Robot Inteligente Aspiradora Limpia Piso I,MLA614078545,12499,39144101,BIDCOM,973,250,Clásica,Si, ,Nuevo,6,Si,507
55,irobot roomba 860 aspiradora robot - consultar stock!!!,Irobot Roomba 860 Robot Inteligente Aspiradora Limpia Piso,MLA614078544,15999,39144101,BIDCOM,800,206,Clásica,Si, ,Nuevo,6,Si,507
58,dolphin s100 robot limpia pileta piscina -Consultar stock!,Limpia Piscinas Dolphin S100   By Maytronics,MLA607977503,23355,72752255,ASSISTGAS S.R.L.,11,126,Clásica,Si, ,Nuevo,6,Si,538
54,Irobot Roomba 621 Aspiradora Robot - consultar stock!!,Irobot Roomba 621 Inteligente Aspiradora Limpia Piso,MLA603964847,8499,39144101,BIDCOM,413,99,Clásica,Si, ,Nuevo,6,Si,561
0,,Robot Dolphin E10 Nuevo Modelo Limpia Fondo Pileta Piscina,MLA611343376,18362,7625198,SANITARIOS-ARIETA,984,77,Clásica,Si, ,Nuevo,6,Si,520
59,dolphin s200 Robot limpia pileta piscina - Consultar stock!,Robot Dolphin Barre Fondo S200 Limpia Piscina Pileta Envios,MLA647267482,29930,179035500,HIDROAL,1,77,Clásica,Si, ,Nuevo,6,Si,239
53,irobot roomba 980 Aspiradora Robot - Consultar Stock!,Irobot Roomba 980 Aspiradora Inteligente Robot Original Gtia,MLA608645314,25999,39144101,BIDCOM,971,75,Clásica,Si, ,Nuevo,6,Si,534
0,,Limpiapiscina Automat Acuatic Explorer Up Barrefondo_fabrica,MLA605429205,5900,104148929,ACUATIC FABRICA,9,73,Clásica,Si, ,Nuevo,6,No,552
0,,Robot Dolphin Barre Fondo S100 Limpia Piscina Pileta Envios,MLA647268683,23355,179035500,HIDROAL,4,61,Clásica,Si, ,Nuevo,6,Si,239
0,,Irobot - Roomba 650 - Aspiradora Robot,MLA603859988,"12499,99",161703332,AFTECH.CORP.ARG,6,45,Clásica,Si,iRobot,Nuevo,6,No,533
26,atma 8991 aspiradora robot,Aspiradora Atma 8991e Robot,MLA637694812,5099,212439741,HM HOGAR,1,36,Clásica,Si, ,Nuevo,6,No,316
0,,Robot Barrefondo Limpia Pileta Piscina Dolphin E10 Prestigio,MLA604164386,17789,165962418,PRESTIGIO STORE,28,28,Clásica,Si,Prestigio,Nuevo,6,Si,533
0,,Aspiradora Inteligente Roomba Irobot 621 Inalambrica Piso,MLA623163772,8499,39144101,BIDCOM,472,28,Clásica,Si, ,Nuevo,6,Si,436
0,,"Zancos De Aluminio Rojos, Durlock, Robot Led, Envío Gratis",MLA642451824,5099,182542742,PROVETEC SOLUCIONES-IND,11,26,Clásica,Si, ,Nuevo,6,Si,278
11,dolphin s50,Robot Dolphin S50 Limpia Piscina Pileta Barre Fondo,MLA632530934,16941,84051956,CLIMADESIGN,99973,26,Clásica,Si, ,Nuevo,6,Si,356
0,,Robot Limpia Piletas Dolphin S100 Envio Gratis Todo El Pais,MLA633543883,24300,98215394,FERRETERIAPACHECO,74,26,Clásica,Si, ,Nuevo,6,Si,349
0,,Robot Dolphin S100 -limpia Piletas Fondo Y Paredes! Nuevo,MLA632259992,23350,179355361,SANCHEZBUSTOS,80,20,Clásica,Si, ,Nuevo,6,Si,358
0,,Robot Dolphin Para Piscina S200 Serie S Limpia Fondo Pileta,MLA636223557,29930,7625198,SANITARIOS-ARIETA,999,19,Clásica,Si, ,Nuevo,6,Si,327
0,,Robot Limpia Fondo De Pileta Piscina Dolphin E20 - Rex,MLA608896273,27862,132453365,PINTURERIASREX,4,19,Clásica,Si,Pinturerias Rex,Nuevo,6,Si,533
0,,Robot Dolphin Supreme M4 Pro Limpiafondo Pileta En La Plata,MLA616769688,34605,143487279,HIDROPLAT,1,18,Clásica,Si, ,Nuevo,6,Si,488
0,,Robot Dolphin M4 Pro Limpia Fondo Piscinas Ult Modelo Gtía,MLA630347139,34605,97104203,SERVITEK_AR,83,17,Clásica,Si, ,Nuevo,6,Si,375
45,dophin supreme m3 robot limpia pileta piscina,Robot Filtro Limpiafondo Dolphin Supreme M3 Trepa Paredes,MLA603573441,"22399,99",34120743,TODOFERRETERIA,97,16,Clásica,Si, ,Nuevo,6,No,562
0,,Robot Dolphin Barre Fondo S50 Limpia Piscina Pileta Envios,MLA647268696,18910,179035500,HIDROAL,43,16,Clásica,Si, ,Nuevo,6,Si,239
0,,Robot Dolphin S50 Nuevo Modelo Limpia Barre Fondo Y Zócalos,MLA630346297,16942,97104203,SERVITEK_AR,121,16,Clásica,Si, ,Nuevo,6,Si,375
,,Robot Limpia Piscina Aquabot I2 Barrefondo Automatico 15mts,MLA649142252,"13499,99",75482619,ANSILA,4,15,Clásica,Si, ,Nuevo,6,Si,222
,,Limpia Fondos Automatico Para Piscinas,MLA633051538,5000,33916053,PISCINASLULAKE,11,15,Clásica,Si, ,Nuevo,6,No,352
,,Robot Dolphin S200 Limpia Piletas Inteligente Envio Gratis,MLA632257650,29920,179355361,SANCHEZBUSTOS,85,15,Clásica,Si, ,Nuevo,6,Si,358
,,Irobot Roomba 650 Robot Inteligente Aspiradora Limpia Piso,MLA641054552,12499,39144101,BIDCOM,1012,14,Clásica,Si, ,Nuevo,6,Si,289
,,Robot Limpiapiscinas Dolphin S100 Nuevo Limpia Piso Y Pared!,MLA633247097,23355,176668703,MULTIMAKS,10,14,Clásica,Si, ,Nuevo,6,Si,351
,,Aspiradora Robot Smart-tek Ava Mini  Control Remoto,MLA631713081,"7919,01",65199373,SOUND-GROUP,99985,14,Clásica,Si, ,Nuevo,6,No,363
,,Robot Dolphin S300i Limpia Fondo De Piscina En La Plata,MLA617913823,33170,143487279,HIDROPLAT,1,14,Clásica,Si, ,Nuevo,6,Si,478
,,Robot Dolphin Limpia Piscinas Barrefondo Pileta E10 - Rex,MLA608494092,19652,132453365,PINTURERIASREX,5,14,Clásica,Si,Pinturerias Rex,Nuevo,6,Si,533
,,Robot Inteligente Irobot Roomba 860 Kit De Regalo Aspiradora,MLA641294189,15999,39144101,BIDCOM,1013,13,Clásica,Si, ,Nuevo,6,Si,287
,,Robot Dolphin S300 I Limpia Fondo Pileta Piscina Bluetooth,MLA615376507,32636,84051956,CLIMADESIGN,99994,13,Clásica,Si, ,Nuevo,6,Si,499
,,Limpia Piscinas Dolphin S200     By Maytronics,MLA616270357,29930,72752255,ASSISTGAS S.R.L.,10,12,Clásica,Si, ,Nuevo,6,Si,491
,,Robot Dolphin Para Piscina S100 Serie S Limpia Fondo Pileta,MLA636223528,23355,7625198,SANITARIOS-ARIETA,999,12,Clásica,Si, ,Nuevo,6,Si,327
,,"Zancos Drywall Stilts Rojo (de Aluminio, Durlock, Robot Led)",MLA640561995,5040,205773687,CABALLITODISTRIBUIDORA,4,12,Clásica,Si, ,Nuevo,6,Si,293
,,Robot Aspiradora Inteligente Neato D85 Limpia Piso,MLA647409167,16999,7625198,SANITARIOS-ARIETA,988,11,Clásica,Si, ,Nuevo,6,Si,238
,,Robot Limpia Pileta Dolphin S100 Barrefondo + Regalos,MLA635223573,23355,190455921,SORBELLINISORBELLINI,3,11,Clásica,Si, ,Nuevo,6,Si,335
,,Limpia Piscinas Dolphin S50 Limpia Fondos De Piscina Robot,MLA632271098,18910,72752255,ASSISTGAS S.R.L.,7,10,Clásica,Si, ,Nuevo,6,Si,358
,,Robot Aquabot Rapid 4wd Limpiafondo Automatico,MLA604811485,22499,170800723,AQUACHLOR,1,10,Clásica,Si, ,Nuevo,6,Si,533
,,Kit P/ Construir Tjbot Ibm Watson Maker Robot Ai Cognitivo,MLA624801251,6900,135668396,CANDY-HO,1,9,Clásica,Si, ,Nuevo,6,No,422
,,Robot Dolphin S200 Limpia Piscina Pileta Barre Fondo Paredes,MLA632535383,27198,84051956,CLIMADESIGN,9,9,Clásica,Si, ,Nuevo,6,Si,356
,,Robot Limpia Piletas Dolphin S200 Envio Gratis Todo El Pais,MLA633548821,31140,98215394,FERRETERIAPACHECO,91,9,Clásica,Si, ,Nuevo,6,Si,349
,,Robot Dolphin S50 Limpiafondo Automatico Piletas Piscinas,MLA618702729,19674,178546395,HIDROFILML,2,9,Clásica,Si, ,Nuevo,6,Si,472
,,Roomba Irobot 980 Original Distribuidor Robot Aspiradora,MLA612122176,25999,39144101,BIDCOM,991,8,Clásica,Si, ,Nuevo,6,Si,517
,,Robot Dolphin Para Piscina S50 Serie S Limpia Fondo Pileta,MLA636223519,18910,7625198,SANITARIOS-ARIETA,999,8,Clásica,Si, ,Nuevo,6,Si,327
,,Robot Dolphin S100 - Barrefondo Automatico -  Envio Gratis,MLA634456701,23330,48140082,BLADEARGENTINA,999,8,Clásica,Si, ,Nuevo,6,Si,341
,,Día Del Niño: Robot Dash Aprende A Programar Jugando.,MLA629670782,6100,220767078,DASHYDOT,20,7,Clásica,Si, ,Nuevo,6,Si,381
,,Robot Limpia Barre Fondo Pileta Dolphin Diagnostic Prestigio,MLA607554978,27900,165962418,PRESTIGIO STORE,8,7,Clásica,Si,Prestigio,Nuevo,6,Si,533
,,Aspiradora Robot Inteligente Neato Botvac D75 Laser Programa,MLA603607551,16380,75482619,ANSILA,2,7,Clásica,Si, ,Nuevo,6,Si,533
,,Aspiradora Pelos Roomba Irobot 621  Alfombra Sensores,MLA623164421,8499,39144101,BIDCOM,493,7,Clásica,Si, ,Nuevo,6,Si,436
,,Robot Aquabot Rapid 4wd Limpiafondo Piscina Trepa Pared,MLA643374285,22390,83417473,PINTURERIASMM,13,7,Premium,Si,Pinturerias MM,Nuevo,6,Si,271
,,Dia Del Niño: Robot Dash + Dot + Accesorios Wonder Pack!,MLA643743445,8900,220767078,DASHYDOT,20,6,Clásica,Si, ,Nuevo,6,No,268
,,Robot Dolphin S100 Limpia Fondo Para Piscinas La Plata,MLA634815787,23355,143487279,HIDROPLAT,1,6,Clásica,Si, ,Nuevo,6,Si,338
,,"Traje Completo Robot De Leds - Circo ,todo Para Tu Evento",MLA604422926,14000,186270170,ANDYFREAKYBOY,1,6,Clásica,Si, ,Nuevo,6,No,558
,,Robot Aquabot Rapid 4wd Limpiafondo Piscina Trepa Pared,MLA611561685,"24068,95",176668703,MULTIMAKS,3,6,Clásica,Si, ,Nuevo,6,Si,520
,,Robot Limpia Piscinas Dolphin S100 Nuevo Limpia Piso Y Pared,MLA636998459,22680,9937333,FERRETERIACENTRALSRL,1,6,Clásica,Si, ,Nuevo,6,Si,321
,,Robot Dolphin S50 -limpia Piletas Fondo Y Angulos! Nuevo,MLA632260597,18910,179355361,SANCHEZBUSTOS,94,6,Clásica,Si, ,Nuevo,6,Si,358
,,Robot Inteligente Cozmo Espectacular A Pedido!!!,MLA645986047,9500,90952429,PS3ARGENTINA,1,5,Clásica,Si, ,Nuevo,6,No,249
,,Robot Perro Inteligente Chip Cuartito Azul Espectacular!,MLA669251225,8690,176500829,CUARTITO AZUL,2,5,Clásica,Si, ,Nuevo,6,No,73
,,Robot Aquabot I2 Para Limpieza Piscina Piletas,MLA647287218,12999,170800723,AQUACHLOR,2,5,Clásica,Si, ,Nuevo,6,Si,239
,,Mixer Micromix Robot Coupe Profesional Frances,MLA665930611,7260,164290689,BAZARGASTROPRECIO,15,5,Clásica,Si, ,Nuevo,6,No,97
,,Robot Dolphin S200 - Barrefondo - Robot De Piletas,MLA633290013,31140,226199021,ROBOTDEPILETAS,15,5,Clásica,Si, ,Nuevo,6,Si,350
,,Limpiador De Piscinas Irobot Mirra 530 Fondo Y Pared Robot,MLA602880346,"34999,99",75482619,ANSILA,4,5,Clásica,Si, ,Nuevo,6,Si,533
,,Robot Filtro Limpiafondo Dolphin Diagnostic Pileta Pintada,MLA609848612,"27899,99",34120743,TODOFERRETERIA,9,5,Clásica,Si, ,Nuevo,6,No,528
,,Robot Filtro Limpiafondo Dolphin Diagnostic Pileta Revestida,MLA610748086,"29524,99",34120743,TODOFERRETERIA,9,5,Clásica,Si, ,Nuevo,6,No,524
,,Robot Led Traje Show Oferta!,MLA615321789,18000,147505108,ROBOTSHOW,2,5,Clásica,Si, ,Nuevo,6,No,499
,,Robot Barrefondo Limpia Pileta Piscina Dolphin E20 Prestigio,MLA635086871,27862,165962418,PRESTIGIO STORE,26,4,Clásica,Si,Prestigio,Nuevo,6,Si,335
,,Roomba Irobot 860 Original Distribuidor Oficial Robot Aspira,MLA612120820,15999,39144101,BIDCOM,348,4,Clásica,Si, ,Nuevo,6,Si,517
,,Robot Limpia Piletas Dolphin S100 Envio Gratis Todo El Pais,MLA641439931,20925,97104203,SERVITEK_AR,899,4,Clásica,Si, ,Nuevo,6,Si,286
,,Kit Motor Porton Automático Porton Pivotante Peccinin Robot,MLA614874970,16890,86902629,FERRECENT,298,4,Clásica,Si, ,Nuevo,6,No,502
,,Auto A Bateria Bmw 12v. Bfun Auto Robot Transformer - Luces*,MLA643853125,6999,16053292,IMAGICFOTOGRAFÍA,9996,4,Clásica,Si, ,Nuevo,6,No,267
,,"Robot Led Traje Completo Con Zancos, Marco Y Pechera Led",MLA640166087,19500,57137813,GC-EVENTOS,7,4,Clásica,Si, ,Nuevo,6,No,295
,,Limpiafondo Automatico Acuatic Explorer Up Directo Fabrica,MLA638597041,5900,89945530,NATATORIOSJG,6,4,Clásica,Si, ,Nuevo,6,No,308
,,Robot De Leds -con Zancos-completo,MLA617973517,17000,186270170,ANDYFREAKYBOY,1,4,Clásica,Si, ,Nuevo,6,No,478
,,Robot Dolphin S50 Limpia Fondo Piscina Pileta Barrefondo,MLA620751967,18362,200861406,FERRETERIA_FREIRE,1,4,Clásica,Si, ,Nuevo,6,Si,456
,,Robot Dolphin S100 Trepa Paredes,MLA641123841,23300,67585694,CLOROOLIVOS,10,4,Clásica,Si, ,Nuevo,6,Si,289
,,Mixer Triturador Profesional De Mano Robot Coupe Emulsion,MLA618885194,7699,52763426,ZACKSBAZAR,1897,4,Clásica,Si, ,Nuevo,6,No,470
,,Robot Dolphin S50 Nuevo Modelo Limpia Barre Fondo Y Zócalos,MLA636544931,18362,9937333,FERRETERIACENTRALSRL,1,3,Clásica,Si, ,Nuevo,6,Si,324
,,Robot Limpia Piletas Aquabot I2,MLA648282387,12900,64855119,NORTE.SERV,7,3,Clásica,Si, ,Nuevo,6,Si,230
,,Aspiradora Robot Inteligente Neato Botvac D85 Inalámbrica,MLA648363492,18165,84051956,CLIMADESIGN,47,3,Clásica,Si, ,Nuevo,6,Si,230
,,Robot Aspiradora Para Pisos - Neato D75 - Con Garantía,MLA653080258,16380,226199021,ROBOTDEPILETAS,2,3,Clásica,Si, ,Nuevo,6,Si,191
,,Aspiradora Robot Inteligente Smart-tek Ava Unica Modelo 2017,MLA668396013,"6999,99",90583461,MEIMPORTO,496,3,Clásica,Si, ,Nuevo,6,No,79
,,Robot Dolphin S50 Limpia Piscina Barrefondo Nueva Envió Caba,MLA636191202,18910,204229801,SAL PARK,1,3,Clásica,Si, ,Nuevo,6,No,327
,,I Pong Pro - Robot Lanza Pelotas - Ping Pong - Tenis De Mesa,MLA652477350,8995,32660849,ANCAR JUEGOS,1,3,Clásica,Si, ,Nuevo,6,Si,196
,,Aspiradora Robot Smart Tek Ava Mini Inalámbrica,MLA626705581,5299,205221838,IDEAHOGAR SA,3,3,Clásica,Si, ,Nuevo,6,No,406
,,"Laboratorio Robotica, Robot Araña, Brazo 5dof, Rover 4 Rueda",MLA662075456,5000,24166266,SISTEMSOFTS,2,3,Clásica,Si, ,Nuevo,6,No,125
,,Robot Aspirador Neato Bv Botvac Connected,MLA677886524,22099,161990496,DTODOAGUA,1,3,Clásica,Si, ,Nuevo,6,Si,8
,,Robot Aspirador Inteligente Apto Para Mascotas Neato D85,MLA677885852,17299,161990496,DTODOAGUA,1,3,Clásica,Si, ,Nuevo,6,Si,8
,,Robot Aspirador Inteligente Neato D75,MLA677885637,14999,161990496,DTODOAGUA,1,3,Clásica,Si, ,Nuevo,6,Si,8
,,Aspiradora Inteligente Irobot Roomba 650 Original Oficial,MLA612119976,12499,39144101,BIDCOM,315,3,Clásica,Si, ,Nuevo,6,Si,517
,,Robot Limpiafondos Dolphin E10 Oferta Ultima Unidad,MLA615276343,"16519,34",176668703,MULTIMAKS,1,3,Clásica,Si, ,Nuevo,6,Si,499
,,Kit Motor Pivotante Batiente Robot Porton 5mts  Seg 1hp,MLA618941642,17999,77592540,COLBEN,3,3,Clásica,Si, ,Nuevo,6,No,470
,,Robot Limpia Piscinas Dolphin S50 Envio Gratis Todo El Pais,MLA633541372,19675,98215394,FERRETERIAPACHECO,97,3,Clásica,Si, ,Nuevo,6,Si,349
,,"Aspiradora Robot Conga, Aspira Y Limpia -mejor Que Roomba!-",MLA678531527,13990,43160377,MAC_TA,1,3,Gratuita,Si, ,Nuevo,6,Si,3
,,Robot De Cocina Thermomix Tm5 Con Cook Key Y Garantía,MLA677734628,30000,265093826,FELISA US,1,3,Gratuita,Si, ,Nuevo,6,No,9
,,"Traje Completo Robot De Leds - Circo ,todo Para Tu Evento",MLA618892994,15000,186270170,ANDYFREAKYBOY,2,3,Clásica,Si, ,Nuevo,6,No,470
,,"Robot Humanoide, Bipedo, 18 Servos, Electrónica Arduino",MLA654226832,5960,24166266,SISTEMSOFTS,3,2,Clásica,Si, ,Nuevo,6,No,183
,,Robot De Programación Wonder Dash Y Dot Accesorios Fact. A/b,MLA616229594,"9999,9",74016573,SISTECO-WEB,29,2,Clásica,Si, ,Nuevo,6,No,492
,,Robot Aspiradora Automática Neato Botvac D75,MLA668753151,13999,39144101,BIDCOM,1,2,Clásica,Si, ,Nuevo,6,No,76
,,Robot Dolphin Supreme M3 Combinado,MLA671860269,17600,236430258,CULZONIPISCINAS,3,2,Clásica,Si, ,Nuevo,6,Si,54
,,Aspiradora Inteligente Robot Smart Ilife V7s Pro A Pedido!!!,MLA670347483,"13999,99",90952429,PS3ARGENTINA,1,2,Clásica,Si, ,Nuevo,6,No,65
,,Aspirador Inteligente Irobot Roomba 621 Oficial Garantia,MLA612271948,8499,39144101,BIDCOM,481,2,Clásica,Si, ,Nuevo,6,Si,516
,,Zancos De Aluminio Durlock Knauf Robot Led,MLA641513190,5040,157910377,DURFACIL,9,2,Premium,Si, ,Nuevo,6,No,286
,,"Traje De Robot Led Con Zancos, Chispas Frias, Marco Led",MLA654661541,14000,57137813,GC-EVENTOS,3,2,Clásica,Si, ,Nuevo,6,No,180
,,Robot Led Traje Niño Completo Con Cargador Bateria Control,MLA663119474,8500,57137813,GC-EVENTOS,3,2,Clásica,Si, ,Nuevo,6,No,118
,,Dolphin Hybrid Rs1,MLA612015811,11500,46119770,HIDRAULICARUBBER,4,2,Clásica,Si, ,Nuevo,6,Si,518
,,Robot Limpiapiscinas Dolphin S200 Nuevo Limpia Piso Y Pared!,MLA635204341,29930,176668703,MULTIMAKS,4,2,Clásica,Si, ,Nuevo,6,Si,335
,,Dolphin S50 Robot Automático Limpiafondo Nuevo Envio Gratis,MLA638783633,17913,82903588,MERCEDES821113,1,2,Clásica,Si, ,Nuevo,6,Si,306
,,Robot Limpia Fondo Dolphin S50 Limpia Piscina Pileta,MLA635291798,18909,190455921,SORBELLINISORBELLINI,2,2,Clásica,Si, ,Nuevo,6,Si,335
,,Robot Dolphin S200 Limpiafondo Automatico Piletas Piscinas,MLA636866505,31138,178546395,HIDROFILML,3,2,Clásica,Si, ,Nuevo,6,Si,322
,,Robot Aquabot Genesis,MLA611164853,28999,170800723,AQUACHLOR,1,2,Clásica,Si, ,Nuevo,6,Si,533
,,Limpia Piscinas Maytronics Dx3 Dolphin Robotic Envios A Caba,MLA622398537,20000,34459675,IVANAFOIGEL,3,2,Clásica,Si, ,Nuevo,6,No,442
,,"Barrefondo Automático,  Trepa Paredes Zodiac Baracuda Mx8",MLA617121977,16275,140554304,ROSARIOVICTORIASECRE,6,2,Clásica,Si, ,Nuevo,6,No,485
,,Robot Limpia Piscinas Dolphin S100 Envio Gratis Todo El Pais,MLA633544317,24300,98215394,FERRETERIAPACHECO,98,2,Clásica,Si, ,Nuevo,6,Si,349
,,Robot De Leds--completo,MLA612800192,14000,186270170,ANDYFREAKYBOY,1,2,Clásica,Si, ,Nuevo,6,No,514
,,Limpia Fondo Automático Acuatic Explorer,MLA638327243,5342,206100902,SANITARIOSFAM.,2,2,Clásica,Si, ,Nuevo,6,No,310
,,Robot Limpia Piscinas Dolphin S50,MLA643653541,17488,179886566,TECNOPLAST1,2,2,Clásica,Si, ,Nuevo,6,Si,269
,,Robots Dolphin S-50 Limpia Piscinas (ing Maschwitz),MLA636323186,19675,184399251,FERRETERIAELMOLINO,5,2,Clásica,Si, ,Nuevo,6,No,326
,,Robot Barrefondo Dolphin S300i C/bluetooth,MLA611859274,33170,192024156,DACLOR-PISCINAS,1,2,Clásica,Si, ,Nuevo,6,No,518
,,Robot Limpia Fondo P/pileta Dolphin E10.salvador Pinturerias,MLA636944633,17990,77788421,PASTE77,2,2,Clásica,Si, ,Nuevo,6,No,322
,,Robot Aspiradora Inteligente D75 Neato - Prestigio,MLA654499363,15000,165962418,PRESTIGIO STORE,6,1,Clásica,Si,Prestigio,Nuevo,6,No,181
,,Robot Hexapodo 18 Dof Completo Arduino Android Bluetooth,MLA615293707,11350,24166266,SISTEMSOFTS,4,1,Clásica,Si, ,Nuevo,6,No,499
,,Robot Perro Inteligente Chip Espectacular A Pedido!!!,MLA644165240,9500,90952429,PS3ARGENTINA,1,1,Clásica,Si, ,Nuevo,6,No,265
,,R2 D2 Star Wars - Inteligente - Tablet Y Celu - Usa - New,MLA672406426,5000,250851701,GOODBOYSMG,1,1,Clásica,Si, ,Nuevo,6,Si,49
,,"Robot Oruga, Chasis 4 Motores,raspberry Camara",MLA673433165,5990,24166266,SISTEMSOFTS,3,1,Clásica,Si, ,Nuevo,6,No,42
,,Robot De Programación Wonder Dash Y Dot Fact. A/b,MLA616229629,"7799,9",74016573,SISTECO-WEB,30,1,Clásica,Si, ,Nuevo,6,No,492
,,Robot Makeblock Mbot Ranger,MLA641652920,7200,52923437,LITTLEBITS ARGENTINA,2,1,Clásica,Si, ,Nuevo,6,No,285
,,Aspiradora Robot Inteligente Automatica Neato D85 Limpiadora,MLA653516750,"19073,25",179035500,HIDROAL,19,1,Clásica,Si, ,Nuevo,6,Si,188
,,Aspiradora Robot Neato Botvac D85 Programable Laser Spinflow,MLA669488959,18900,75482619,ANSILA,2,1,Clásica,Si, ,Nuevo,6,Si,71
,,Robot Limpia Piscina Barrefondo Automático Aquabot I2,MLA648059465,12990,83417473,PINTURERIASMM,19,1,Premium,Si,Pinturerias MM,Nuevo,6,Si,232
,,Robot Dolphin S200 Limpia Pileta En Mendoza,MLA642600376,27199,161990496,DTODOAGUA,1,1,Clásica,Si, ,Nuevo,6,Si,277
,,Robot Aspiradora Neato D85 El Mas Potente No Irobot,MLA665392263,17640,73830462,WATERCENTER,15,1,Clásica,Si, ,Nuevo,6,Si,100
,,Robot Aspiradora Para Pisos -  Neato D85 - Con Garantía,MLA653080389,18900,226199021,ROBOTDEPILETAS,4,1,Clásica,Si, ,Nuevo,6,Si,191
,,Dolphin S50 Robot Limpiafondos Automatico Envio Gratis Ftvo,MLA675408904,18908,183978307,ILUMINAUDIO.,10,1,Clásica,Si, ,Nuevo,6,Si,26
,,Robot Espa Aquabot Supreme -  Zona Sur Banfield,MLA660329578,23150,46119770,HIDRAULICARUBBER,3,1,Clásica,Si, ,Nuevo,6,Si,139
,,Barredor Aspiradora Robot Neato D85 Superior Al Roomba,MLA649146096,17300,190455921,SORBELLINISORBELLINI,1,1,Clásica,Si, ,Nuevo,6,Si,222
,,Robots Dolphin S-200 Limpia Piscinas - Pared (ing Maschwitz),MLA650621160,31140,184399251,FERRETERIAELMOLINO,2,1,Clásica,Si, ,Nuevo,6,No,211
,,Robot Limpia Piletas Dolphin S200 Vendedor Oficial La Plata,MLA659280997,29930,192273152,SELECTOARG,1,1,Clásica,Si, ,Nuevo,6,Si,146
,,Robot Espa Aquabot Genesis -  Zona Sur Banfield,MLA660329653,24350,46119770,HIDRAULICARUBBER,1,1,Clásica,Si, ,Nuevo,6,Si,139
,,Robot Aspiradora Neato D75 La Mas Potente Del Mercado Eftvo,MLA675767356,13200,183978307,ILUMINAUDIO.,9,1,Clásica,Si, ,Nuevo,6,No,23
,,Wall-e U-command Control Robot Remoto Bunny Toys,MLA604509207,"6999,9",61013030,JUGUETERIABUNNYTOYS,1,1,Clásica,Si, ,Nuevo,6,No,557
,,Robot Dolphin Para Piscina S200 Serie S Limpia Fondo Pileta,MLA665934455,27680,255273266,BID ARGENTINA,2,1,Clásica,Si, ,Nuevo,6,No,97
,,Auto Robot A Bateria Luces Musica Mp3 Control Remoto Oferta!,MLA668812377,6999,24628288,TIEMPOLIBRE2211,2,1,Clásica,Si, ,Nuevo,6,No,76
,,Motor Pivotante Batiente Robot Seg 1/2hp,MLA663430674,10999,234595009,INSURSERVICIOS,9,1,Clásica,Si, ,Nuevo,6,No,115
,,Catfish Limpia Fondo Pileta Aspiradora A Bateria,MLA671807384,8900,92615811,INNOVATIONSARG,100,1,Clásica,Si, ,Nuevo,6,No,54
,,Zancos De Aluminio Durlock Knauf Robot Led,MLA641513499,5399,157910377,DURFACIL,10,1,Clásica,Si, ,Nuevo,6,No,286
,,Limpiafondo Dolphin S300i Bluetooth,MLA675032972,33170,97104203,SERVITEK_AR,99,1,Clásica,Si, ,Nuevo,6,No,29
,,Digitech Dirty Robot Stereo Mini* A Pedido En35dias Sin Seña,MLA675224398,5499,73824703,INOVAMUSICNET.COM,2,1,Clásica,Si, ,Nuevo,6,No,28
,,Robot Aspiradora Inteligente Neato D85 - Envio Gratis,MLA648128442,18900,48140082,BLADEARGENTINA,4,1,Clásica,Si, ,Nuevo,6,Si,232
,,Irobot Roomba 790 + Centro Control Inalámbrico + Valija Acc.,MLA648496104,"24999,99",7195201,DAN_AYKROYD,1,1,Clásica,Si, ,Nuevo,6,No,228
,,Robot Cozmo Anki Envio Gratis A Todo El Pais,MLA667039137,7399,236399079,APRALVENTAS,3,1,Clásica,Si, ,Nuevo,6,Si,88
,,Robot Limpia Piscina Pileta Dolphin S100 Precio -10% Off,MLA653467148,23403,73830462,WATERCENTER,4,1,Clásica,Si, ,Nuevo,6,Si,189
,,Robot Limpia Piscinas Dolphin E10,MLA639196864,18362,179886566,TECNOPLAST1,1,1,Clásica,Si, ,Nuevo,6,Si,303
,,Robot Limpia Piscinas Dolphin S200 En La Plata Envio Gratis,MLA638601891,29930,143487279,HIDROPLAT,1,1,Clásica,Si, ,Nuevo,6,Si,308
,,Robot Dolphin S50 Limpia Piscina Fondo Envio Gratis,MLA636654508,18910,152258468,BOMBASFAL SRL,1,1,Clásica,Si, ,Nuevo,6,Si,324
,,Robot Dolphin S100 - Barrefondo - Robot De Piletas,MLA633253544,24300,226199021,ROBOTDEPILETAS,19,1,Clásica,Si, ,Nuevo,6,Si,351
,,Robot Dolphin S50 - Barrefondo - Robot De Piletas,MLA633287457,19675,226199021,ROBOTDEPILETAS,19,1,Clásica,Si, ,Nuevo,6,Si,350
,,Robot Limpia Piscinas Diagnostic Wonder Cady De Regalo,MLA639199112,29048,179886566,TECNOPLAST1,1,1,Clásica,Si, ,Nuevo,6,Si,303
,,Robot Barrefondo Acuatic Explorer Limpia Piscina Automatico,MLA638783518,5900,46772732,TIOSOHOGAR,994,1,Clásica,Si, ,Nuevo,6,No,306
,,Wall E Wall-e Walle Disney Pixar Robot Eve Eva Transformer,MLA613555735,7000,99571488,KAM_VILLA,1,1,Clásica,Si, ,Nuevo,6,No,510
,,Robot Led Traje,MLA613242477,17000,29797051,JUANDHIEGO2010,1,1,Clásica,Si, ,Nuevo,6,No,512
,,"Robot Barrefondo,  Trepa Paredes Zodiac Baracuda Mx8",MLA610101185,16275,140554304,ROSARIOVICTORIASECRE,6,1,Clásica,Si, ,Nuevo,6,No,527
,,Robot Led Traje Unico El Mejor Exelente Inversion,MLA612426362,18000,4616555,FACEMEGALED VANKLEY,1,1,Clásica,Si, ,Nuevo,6,No,516
,,Sphero Bb-8 Robot Star Wars Disney Original Android,MLA614012702,6800,25865111,SAFTOYS,99,1,Clásica,Si, ,Nuevo,6,No,507
,,Motor Automático Porton Pivotante Peccinin Robot Ferrecent,MLA623391327,16890,86902629,FERRECENT,99,1,Clásica,Si, ,Nuevo,6,No,434
,,Robot Dolphin S50 Limpia Fondo Pileta Barrefondo Gtia 1 Año,MLA638835763,17488,182441201,PINTURERIA PEREZ,1,1,Clásica,Si, ,Nuevo,6,Si,306
,,Robot Dolphin S50 Limpiafondo Automático Para Piletas,MLA646099141,18900,170800723,AQUACHLOR,1,1,Clásica,Si, ,Nuevo,6,No,248
,,"Zancos Drywall Stilts Rojo (de Aluminio, Durlock, Robot Led)",MLA642621558,5399,234395003,DISTRIBUIDORALUCFRAN,1,1,Clásica,Si, ,Nuevo,6,No,277
,,Robot Astronauta Pila Japon Unico Nuevo 1960 Lloretoys,MLA619863351,5700,92209428,JUGUETES LLORET,1,1,Clásica,Si, ,Nuevo,6,No,463
,,Robot Aquabot Pool Rover Para Limpieza Piletas Oferta!!,MLA617708454,8999,170800723,AQUACHLOR,1,1,Clásica,Si, ,Nuevo,6,Si,480
,,Robot Limpiapiscinas Aquabot Supreme,MLA641401226,27829,19764936,RPM MAQUINARIAS,1,1,Clásica,Si, ,Nuevo,6,No,287
,,Multi Procesadora Robot Coupe R101 3/4hp A Pedido! Excelente,MLA644998787,30000,90952429,PS3ARGENTINA,1,1,Clásica,Si, ,Nuevo,6,No,258
,,Robot Aquabot Rapids 4wd Barre Limpia Fondo Pileta Piscina,MLA619006422,24884,125457882,KONECTASANITARIOS,4,1,Clásica,Si, ,Nuevo,6,No,470
,,Muñeco Buzz Lightyear Ultimate Robot Programable. Toy Story,MLA605269734,8595,27420742,BABY KINGDOM,10,1,Clásica,Si, ,Nuevo,6,No,553
,,Robot Dolphin S50 Cordoba Capital,MLA652384738,18909,231371549,CERROCLORVENTAS,49,1,Clásica,Si, ,Nuevo,6,No,197
,,Robot Aspiradora Inteligente Neato D75,MLA672170600,14999,97104203,SERVITEK_AR,6,1,Clásica,Si, ,Nuevo,6,No,51
,,Limpia Piscinas Dolphin S100 Limpia Fondos Y Trepa Paredes,MLA636711083,22275,192083291,MUNDOHIGIENE,9997,1,Clásica,Si, ,Nuevo,6,Si,323
,,Muñeco Interactivo Chewbacca Arco Y Morral 45cm Original,MLA609602014,5990,164600480,CITYKIDS OFICIAL,1,0,Clásica,Si,Citykids,Nuevo,6,No,533
,,Dash Robot + Lanzador De Pelotas,MLA661159310,5500,67999873,OPENARG,1,0,Clásica,Si, ,Nuevo,6,Si,132
,,Robot Cozmo Inteligente C/ Emociones Inteligencia Artificial,MLA669281512,8999,176500829,CUARTITO AZUL,1,0,Clásica,Si, ,Nuevo,6,No,72
,,"Robot Star Wars R2 D2 Celular, ",MLA657975736,5000,58196774,FABIHAN_DRA,1,0,Clásica,Si, ,Nuevo,6,No,155
,,Robot Dinosaurio Miposaur Inteligente Cuartito Azul,MLA669267938,5990,176500829,CUARTITO AZUL,2,0,Clásica,Si, ,Nuevo,6,No,72
,,Star Wars R2d2 Radio Control Electronico,MLA672542065,"9649,9",187707929,PUMBA_LA_LUMBA,1,0,Clásica,Si, ,Nuevo,6,No,48
,,"Gizmos & Gadgets Kit, 2ª Edición",MLA677711620,5200,161703332,AFTECH.CORP.ARG,1,0,Clásica,Si,Parrot,Nuevo,6,No,9
,,Littlebits Synth Kit,MLA678260089,5000,161703332,AFTECH.CORP.ARG,1,0,Clásica,Si,Parrot,Nuevo,6,No,5
,,Kit Robot Programable Similar Arduino - Piezas De Aluminio,MLA616014960,6900,43270615,JIMYTHEKID,1,0,Clásica,Si, ,Nuevo,6,No,493
,,Figura Pvc Sera-chan Yamashita Entrego Ya!!!!!!!!!!!!!!!!!!!,MLA610264388,5500,152227860,WOLVERINE171,1,0,Clásica,Si, ,Nuevo,6,No,526
,,Voodoo Lab Ground Control Pro M* Sin Stock* A Pedido 35días!,MLA677624918,14499,73824703,INOVAMUSICNET.COM,2,0,Clásica,Si, ,Nuevo,6,No,10
,,Robot Buzz Lightyear Pelicula Toy Story Control Remoto Doble,MLA606116115,5899,27420742,BABY KINGDOM,11,0,Clásica,Si, ,Nuevo,6,No,548
,,Robot Buzz Lightyear Ultimate A Control Remoto Interactivo,MLA605269748,8595,27420742,BABY KINGDOM,11,0,Clásica,Si, ,Nuevo,6,No,553
,,Buzz Lightyear Guardian Del Espacio Robot A Control Remoto,MLA605269769,8595,27420742,BABY KINGDOM,11,0,Clásica,Si, ,Nuevo,6,No,553
,,"Buzz Robot Habla,camina,se Mueve,baila.nuevo 2016 Original",MLA606116038,5899,27420742,BABY KINGDOM,11,0,Clásica,Si, ,Nuevo,6,No,548
,,Robot Buzz Lightyear U-command A Control Remoto Interactivo,MLA606116056,5899,27420742,BABY KINGDOM,11,0,Clásica,Si, ,Nuevo,6,No,548
,,Robot Aspirador Neato Botvac Connected,MLA657061852,24120,46119770,HIDRAULICARUBBER,7,0,Clásica,Si, ,Nuevo,6,Si,161
,,Aspiradora Robot Inteligente Neato Botvac D85 Inalámbrica,MLA654318543,17640,9937333,FERRETERIACENTRALSRL,1,0,Clásica,Si, ,Nuevo,6,Si,183
,,Robot Aspiradora Inteligente Neato D75 - Envio Gratis,MLA648128130,16380,48140082,BLADEARGENTINA,5,0,Clásica,Si, ,Nuevo,6,Si,232
,,Irobot Roomba 780 Vacuum Limpieza Pisos Caja Cerrada Nuevo ,MLA674941615,15500,251456670,VKALIM,4,0,Clásica,Si, ,Nuevo,6,Si,30
,,Aspiradora Robot Inteligente Smart-tek Ava Mini Ramos Mejia,MLA668396389,"7999,99",195827973,MEIMPORTOEMPRESA,499,0,Clásica,Si, ,Nuevo,6,Si,79
,,Robot Aspiradora Inteligente Neato D75 Limpia Piso,MLA647409164,14999,7625198,SANITARIOS-ARIETA,999,0,Clásica,Si, ,Nuevo,6,Si,238
,,Robot Aspiradora Neato Wifi Manejalo Con Desde Donde Estes,MLA651632190,24120,98215394,FERRETERIAPACHECO,15,0,Clásica,Si, ,Nuevo,6,Si,203
,,Robot Aspirador Neato Botvac D85,MLA657061847,18900,46119770,HIDRAULICARUBBER,10,0,Clásica,Si, ,Nuevo,6,Si,161
,,Xiaomi Vacuum Aspiradora Inteligente Robot Original Oferta!!,MLA677409742,21999,182933696,TODITONLINE.,1,0,Clásica,Si, ,Nuevo,6,Si,12
,,Combo Roomba 650 + Netatmo Welcome Camara De Seguridad,MLA660068993,18025,161703332,AFTECH.CORP.ARG,1,0,Clásica,Si,iRobot,Nuevo,6,Si,140
,,Robot Aspirador Neato Botvac D75,MLA657061877,16380,46119770,HIDRAULICARUBBER,10,0,Clásica,Si, ,Nuevo,6,Si,161
,,Aspiradora Robot Inteligente Neato Botvac D75 Inalámbrica,MLA654316760,15290,9937333,FERRETERIACENTRALSRL,1,0,Clásica,Si, ,Nuevo,6,Si,183
,,Robot Aspiradora Automática Neato Botvac D75 Envio Gratis,MLA668753116,14199,39144101,BIDCOM,3,0,Clásica,Si, ,Nuevo,6,Si,76
,,Aspirador Inteligente Irobot Roomba 621 Vendedor Oficial,MLA664118361,8399,9316603,COMPUTERS-MARTINEZ,1,0,Clásica,Si, ,Nuevo,6,No,110
,,Aspiradora Robot Inteligente Neato Botvac D75 Inalámbrica,MLA648361446,15745,84051956,CLIMADESIGN,50,0,Clásica,Si, ,Nuevo,6,Si,230
,,Aspiradora Robot Neato  Botvac Connected,MLA654991727,23185,72752255,ASSISTGAS S.R.L.,1,0,Clásica,Si, ,Nuevo,6,Si,177
,,Irobot Roomba 621 + Cepillos Extra + 2 Filtros,MLA670653560,9799,9316603,COMPUTERS-MARTINEZ,1,0,Clásica,Si, ,Nuevo,6,Si,63
,,Robot Limpia Piscina Pileta Dolphin S200 Precio -10% Off,MLA653425331,"29934,19",73830462,WATERCENTER,5,0,Clásica,Si, ,Nuevo,6,Si,189
,,Robot Educativo Kit Arduino 3 En 1 Makeblock Mbot Ranger,MLA671047509,"7199,2",251436639,MAKEBLOCK,10,0,Clásica,Si, ,Nuevo,6,No,60
,,Aspiradora Robot Neato  Botvac  D 75,MLA654990824,15745,72752255,ASSISTGAS S.R.L.,1,0,Clásica,Si, ,Nuevo,6,Si,177
,,Aspiradora Robot Inteligente Usa Neato D75 Mejor Que Roomba,MLA653515824,"16532,25",179035500,HIDROAL,20,0,Clásica,Si, ,Nuevo,6,Si,188
,,Robot Limpia Pisos Neato D85,MLA675098775,17640,179886566,TECNOPLAST1,2,0,Clásica,Si, ,Nuevo,6,Si,29
,,Robot Limpia Piletas Dolphin S50 Envio Gratis A Todo El Pais,MLA633540823,19675,98215394,FERRETERIAPACHECO,100,0,Clásica,Si, ,Nuevo,6,Si,349
,,Barredor Aspiradora Robot Neato D75 Superior Al Roomba,MLA649094351,15000,190455921,SORBELLINISORBELLINI,1,0,Clásica,Si, ,Nuevo,6,Si,223
,,Limpiador De Piscinas Irobot Mirra 530 Fondo Y Pared Irobot,MLA653650614,"34999,99",161703332,AFTECH.CORP.ARG,1,0,Clásica,Si,iRobot,Nuevo,6,Si,187
,,Sdcc 2011 Toynami Futurama Destructor Robot Exclusivo Deluxe,MLA653783643,9900,101017567,BLINKTRASHH,1,0,Clásica,Si, ,Nuevo,6,Si,187
,,Robot Aspiradora Neato Bv Connected,MLA671510618,22100,215006365,PUNTO GARDENIA,1,0,Clásica,Si, ,Nuevo,6,Si,56
,,Robot Para Dibujar Y Grabar Makeblock Xy Plotter,MLA671051419,"11199,2",251436639,MAKEBLOCK,10,0,Clásica,Si, ,Nuevo,6,No,60
,,Robot Limpia Piscina Barrefondo Automático Aquabot I2,MLA661933057,12486,152258468,BOMBASFAL SRL,2,0,Clásica,Si, ,Nuevo,6,Si,127
,,Guardians Of The Galaxy - Marvel Legends - Robot Negro,MLA645042485,5300,188030579,ROBOTNEGRO,1,0,Clásica,Si, ,Nuevo,6,No,258
,,Robot Aspiradora Inteligente Neato D85 Destribuidor Oficial,MLA652247069,18900,98215394,FERRETERIAPACHECO,10,0,Clásica,Si, ,Nuevo,6,No,198
,,Robot Dolphin S200 - Barrefondo Automatico -  Envio Gratis,MLA634455362,29895,48140082,BLADEARGENTINA,999,0,Clásica,Si, ,Nuevo,6,Si,341
,,Acme Scanner Dynamo Mh-635s Robot Scan Luz Dmx Efecto,MLA607147824,"5660,36",10034731,DMX SRL,11,0,Clásica,Si, ,Nuevo,6,No,533
,,Robot Limpia Piscinas Dolphin S100,MLA653531501,24300,46119770,HIDRAULICARUBBER,4,0,Clásica,Si, ,Nuevo,6,Si,188
,,Robot Dolphin S100 Limpia Piscina Fondo Paredes Pileta,MLA639910744,22680,200861406,FERRETERIA_FREIRE,1,0,Clásica,Si, ,Nuevo,6,Si,297
,,Robot Aspiradora Neato Botvac D85 Ideal Casas Con Mascotas!,MLA667905317,18165,176668703,MULTIMAKS,10,0,Clásica,Si, ,Nuevo,6,Si,82
,,Dolphin M4 Pro Sin Caddy,MLA660333400,32590,46119770,HIDRAULICARUBBER,10,0,Clásica,Si, ,Nuevo,6,Si,139
,,Robot Limpia Piscinas Dolphin S200 Piso Pared Y Flotación,MLA636999863,29064,9937333,FERRETERIACENTRALSRL,1,0,Clásica,Si, ,Nuevo,6,Si,321
,,Robot Aspiradora Inteligente D85 Neato - Envio Gratis       ,MLA660349382,18257,243995532,CASAFERNANDES_ML,3,0,Clásica,Si, ,Nuevo,6,No,138
,,Robot De Cocina Todo En Uno Smart-tek Thermo Mixer T1000,MLA677847486,5999,4542417,NECXUS_BAIRES,9999,0,Clásica,Si, ,Nuevo,6,Si,8
,,Aspiradora Robot Neato  Botvac  D 85,MLA654991337,18165,72752255,ASSISTGAS S.R.L.,1,0,Clásica,Si, ,Nuevo,6,Si,177
,,Dolphin S200 Robot Limpiafondos Automatico Con Regalo,MLA675411618,29929,183978307,ILUMINAUDIO.,10,0,Clásica,Si, ,Nuevo,6,Si,26
,,Robot Barre Fondo Aquabot Supreme Silver Automático,MLA647206986,27500,195879302,TORONTO SANITARIOS,2,0,Clásica,Si, ,Nuevo,6,Si,240
,,Robot Aspiradora Para Pisos Neato D75 Representante Oficial,MLA668847830,16380,98215394,FERRETERIAPACHECO,25,0,Clásica,Si, ,Nuevo,6,Si,76
,,Robot Aspiradora Neato Botvac D75 El Mas Potente Del Mercado,MLA667848794,15745,176668703,MULTIMAKS,10,0,Clásica,Si, ,Nuevo,6,Si,83
,,Robot Limpia Barre Fondo Pileta Dolphin,MLA661623867,15000,137585341,ANDRESGODOY517,2,0,Clásica,Si, ,Nuevo,6,Si,128
,,Robot De Cocina Smart-tek T1000 Thermo Mixer Todo En Uno Lcd,MLA678150788,"6699,99",75482619,ANSILA,5,0,Clásica,Si, ,Nuevo,6,Si,6
,,Dolphin S300i Limpiafondo Automatico Robot Bluetooth,MLA628195322,33170,163208206,HIDRAULICARUBBERSMA,120,0,Clásica,Si, ,Nuevo,6,Si,393
,,Robot Dolphin Para Piscinas S50- Barre Fondo,MLA645850990,17480,129918118,HIDRONORTESANITARIOS,1,0,Clásica,Si, ,Nuevo,6,Si,250
,,Dolphin S100 Robot Limpia Piscinas - Oferta!!,MLA639711928,23355,96320494,TECNOG MORENO,1,0,Clásica,Si, ,Nuevo,6,Si,299
,,Robot Espa Aquabot Pool Rover. Zona Sur Banfield,MLA660329426,12550,46119770,HIDRAULICARUBBER,1,0,Clásica,Si, ,Nuevo,6,Si,139
,,Aspiradora Robot Inteligente Irobot Roomba 622 Limpieza Prof,MLA648149427,"9899,99",75482619,ANSILA,5,0,Clásica,Si, ,Nuevo,6,No,231
,,Robot Dolphin Para Piscinas S200- Barre Fondo,MLA647700622,27679,129918118,HIDRONORTESANITARIOS,1,0,Clásica,Si, ,Nuevo,6,Si,235
,,Robot Dolphin S100 Limpia Pileta En Mendoza,MLA637832069,20899,161990496,DTODOAGUA,1,0,Clásica,Si, ,Nuevo,6,Si,314
,,Aspiradora Robot Conga Aspira Y Limpia (mejor Que Roomba!),MLA676808298,9499,9523813,ARCADE CLUB,1,0,Clásica,Si, ,Nuevo,6,Si,16
,,Robot Limpia Piscina Aquabot Breeze Xls Modelo 2017!c/cepill,MLA665886115,12700,126947694,ROSALESJOAQUIN50,1,0,Clásica,Si, ,Nuevo,6,Si,97
,,Robot  De Leds Chaleco Simple Show Alquiler De Trajes,MLA613861108,5500,186270170,ANDYFREAKYBOY,1,0,Clásica,Si, ,Nuevo,6,No,508
,,Robot Limpiapiscinas Dolphin S50 Limpia Piso Ideal Intex,MLA633260033,18910,176668703,MULTIMAKS,6,0,Clásica,Si, ,Nuevo,6,Si,351
,,Robot Limpia Fondo De Piscina Dolphin E10 Más Regalo,MLA624316292,17789,143487279,HIDROPLAT,1,0,Clásica,Si, ,Nuevo,6,Si,427
,,Robot Limpia Piscina Pileta Dolphin S50 Precio -15 Off!!!,MLA653467192,18912,73830462,WATERCENTER,5,0,Clásica,Si, ,Nuevo,6,Si,189
,,Robot Aspiradora Neato D75 El Mas Potente No Roomba - 10%,MLA669393068,15290,73830462,WATERCENTER,1,0,Clásica,Si, ,Nuevo,6,Si,72
,,Robot Irobot Aspiradora Roomba 880 Hasta 80m2 Om,MLA631581710,33690,148742811,FACHA2407,10,0,Clásica,Si, ,Nuevo,6,No,364
,,Robot Aspiradora Conga Slim 890 En Stock!,MLA677711918,9499,43427355,VICTORIA201512,1,0,Clásica,Si, ,Nuevo,6,No,9
,,Robot Limpia Piletas Dolphin S50 En La Plata,MLA640499571,18499,179622249,SELECTOML,1,0,Clásica,Si, ,Nuevo,6,Si,294
,,Rick Grimes - The Walking Dead 1/6 Threezero - Robot Negro,MLA670782955,5200,188030579,ROBOTNEGRO,1,0,Clásica,Si, ,Nuevo,6,No,62
,,Guts - Berserk Figura 1/6 Threezero - Robot Negro,MLA670780696,8500,188030579,ROBOTNEGRO,1,0,Clásica,Si, ,Nuevo,6,No,62
,,Aspiradora Robot Inteligente Neato Botvac Connected Wifi,MLA677812825,23900,253615789,CRISOLCLIMATIZACION,1,0,Clásica,Si, ,Nuevo,6,Si,9
,,Aspiradora Robot Inteligente Neato Botvac D75 Hidrofil,MLA672998125,16363,178546395,HIDROFILML,2,0,Clásica,Si, ,Nuevo,6,Si,44
,,Robot Aspiradora Neato D85,MLA671508061,17300,215006365,PUNTO GARDENIA,2,0,Clásica,Si, ,Nuevo,6,Si,56
,,Robot Aspiradora Neato D85 Lider Aspirando! Precio Eftvo,MLA675769170,18565,183978307,ILUMINAUDIO.,10,0,Clásica,Si, ,Nuevo,6,No,23
,,Robot Dolphin S50 Limpia Piscinas Automatico,MLA652141153,16990,94446587,FERRETERIADELVALLE2006,5,0,Clásica,Si, ,Nuevo,6,Si,198
,,Aspiradora Robot Inteligente Neato Botvac D85 Hidrofil,MLA673001693,18874,178546395,HIDROFILML,1,0,Clásica,Si, ,Nuevo,6,Si,44
,,Robot Educativo Kit Arduino 10 En 1 Makeblock Ultimate 2.0,MLA671056150,"13199,2",251436639,MAKEBLOCK,10,0,Clásica,Si, ,Nuevo,6,No,60
,,Aspiradora Robot Neato D85 Inteligente,MLA677810348,18000,253615789,CRISOLCLIMATIZACION,1,0,Clásica,Si, ,Nuevo,6,Si,9
,,Skull Knight - Berserk Figura 1/6 Threezero - Robot Negro,MLA670782091,9300,188030579,ROBOTNEGRO,1,0,Clásica,Si, ,Nuevo,6,No,62
,,Aspiradora Robot Neato D75 Inteligente,MLA677808804,16000,253615789,CRISOLCLIMATIZACION,1,0,Clásica,Si, ,Nuevo,6,Si,9
,,Robot Dolphin S50 - Barrefondo Automatico -  Envio Gratis,MLA634457331,18975,48140082,BLADEARGENTINA,999,0,Clásica,Si, ,Nuevo,6,Si,341
,,Robot Aspiradora Neato D75,MLA671510094,15000,215006365,PUNTO GARDENIA,1,0,Clásica,Si, ,Nuevo,6,Si,56
,,Dolphin S50 Limpiafondo Piscinas,MLA642477247,"20892,38",217490523,HIDROPOOLOL,1,0,Clásica,Si, ,Nuevo,6,Si,278
,,Robot Educativo Arduino 2 En 1 Makeblock Starter Robot Kit,MLA671046599,"5599,2",251436639,MAKEBLOCK,10,0,Clásica,Si, ,Nuevo,6,No,60
,,Robot Limpia Piscinas Supreme M3 Advanced,MLA639200920,22537,179886566,TECNOPLAST1,1,0,Clásica,Si, ,Nuevo,6,Si,303
,,Robot Aspiradora Neato D85,MLA674906559,17640,139726925,REVESTIMIENTOS ARGENTINOS,1,0,Clásica,Si, ,Nuevo,6,Si,30
,,Robot Aspiradora Neato D85 Limpieza Inteligente En La Plata,MLA658988359,16250,143487279,HIDROPLAT,1,0,Clásica,Si, ,Nuevo,6,No,148
,,Cozmo Robot Increible I.a.!!,MLA671394735,5900,154958389,ASESORIA2014,1,0,Clásica,Si, ,Nuevo,6,No,57
,,Cabezal Robot Movil Cubo Led Rgbw Dmx Audioritmico 360 Grado,MLA649453298,"6499,99",76921648,CYBER-INSUMOS,3,0,Clásica,Si, ,Nuevo,6,No,219
,,Traje Robot De Leds,MLA659164265,30000,90369680,EMANUELLEANDROPRODUCCIONES,1,0,Clásica,Si, ,Nuevo,6,No,147
,,Robot De Led Leds Traje Chaleco Simple,MLA613860994,5500,186270170,ANDYFREAKYBOY,1,0,Clásica,Si, ,Nuevo,6,No,508
,,Dolphin Robot Limpia Fondo De Piscina S50 Nuevo Modelo,MLA634810231,16942,143487279,HIDROPLAT,1,0,Clásica,Si, ,Nuevo,6,Si,338
,,Robot Piscinas Limpiafondo Dolphin S200 Trepa Paredes Nuevo,MLA669907065,28000,236430258,CULZONIPISCINAS,5,0,Clásica,Si, ,Nuevo,6,Si,69
,,Dolphin S200 Limpiafondo Piscinas,MLA642480735,33000,217490523,HIDROPOOLOL,1,0,Clásica,Si, ,Nuevo,6,Si,278
,,Dolphin S50 Robot Limpia Piscinas - Oferta!!,MLA639709734,18910,96320494,TECNOG MORENO,1,0,Clásica,Si, ,Nuevo,6,Si,299
,,Robot Dolphin S200 Barre Fondo Limpia Piscina Nuevo Modelo!,MLA678152731,29900,247342408,FOREST GARDEN,5,0,Clásica,Si, ,Nuevo,6,Si,6
,,Robot Para Pelotero,MLA663846045,5000,136450990,ALEJANDROMARTIN31,1,0,Clásica,Si, ,Nuevo,6,No,112
,,Robot Aquabot Rapid 4wd Limpiafondo Piscina Trepa Pared!,MLA678128805,21790,2939475,LUCAS_FOX31,1,0,Clásica,Si, ,Nuevo,6,Si,6
,,Robots Dolphin S-100 Limpia Piscinas - Pared (ing Maschwitz),MLA641145535,24300,184399251,FERRETERIAELMOLINO,5,0,Clásica,Si, ,Nuevo,6,No,288
,,Robot Limpia Piscinas Dolphin S50,MLA653531504,19675,46119770,HIDRAULICARUBBER,4,0,Clásica,Si, ,Nuevo,6,Si,188
,,Sistema De Alarma Wifi  Gsm Incluye Cámara Robot,MLA659956269,"11499,99",3122241,K:911,3,0,Clásica,Si, ,Nuevo,6,No,141
,,Robot Limpia Piscinas Dolphin S200,MLA653531480,31140,46119770,HIDRAULICARUBBER,4,0,Clásica,Si, ,Nuevo,6,Si,188
,,Droide Robótico Interactivo Star Wars Smart R2-d2 Celular,MLA651461418,7000,44049751,TUBESARG,1,0,Clásica,Si, ,Nuevo,6,No,204
,,Robot Limpia Piscina Dolphin S100 Piletas 10mts Piso Y Pared,MLA670599248,24300,75482619,ANSILA,5,0,Clásica,Si, ,Nuevo,6,Si,63
,,Dolphin Galaxy,MLA660330950,15900,46119770,HIDRAULICARUBBER,1,0,Clásica,Si, ,Nuevo,6,Si,139
,,Robot Dolphin S50 - Envío Gratis! - Limpiafondos Pileta,MLA640973317,18499,191938231,MOBY_ARG,7,0,Clásica,Si, ,Nuevo,6,Si,290
,,Robot Dolphin S200 Limpia Piscina Pileta Envios,MLA651238337,29930,3943112,SANITARIOS RUBIO,2,0,Clásica,Si, ,Nuevo,6,Si,205
,,Robot Dolphin S300i Limpia Pileta En Mendoza,MLA610097547,34239,161990496,DTODOAGUA,1,0,Clásica,Si, ,Nuevo,6,Si,527
,,Trajes Robot Led La Mejor Inversion El Mejor,MLA609983434,18000,4616555,FACEMEGALED VANKLEY,1,0,Clásica,Si, ,Nuevo,6,No,527
,,Robot Limpia Pileta Dolphin S200 Barre Fondo Paredes,MLA659279384,29930,222039575,TOOL SHOP,2,0,Clásica,Si, ,Nuevo,6,Si,146
,,Robot Dolphin S300i Limpia Fondo Pileta C/ Bluetooth Y Carro,MLA638834840,34240,182441201,PINTURERIA PEREZ,3,0,Clásica,Si, ,Nuevo,6,Si,306
,,Nuevo Dolphin S200 Cordoba Capital El Mejor Precio,MLA639965361,29930,231371549,CERROCLORVENTAS,50,0,Clásica,Si, ,Nuevo,6,No,297
,,Dolphin S100 Robot Limpiafondos Automatico Envio Gratis,MLA675410688,23350,183978307,ILUMINAUDIO.,1,0,Clásica,Si, ,Nuevo,6,Si,26
,,Auto Camioneta A Bateria Control Remoto Transf Robot Regalo,MLA660608005,"10999,99",37982924,ALLINTOUCH,999,0,Clásica,Si, ,Nuevo,6,No,136
,,Robot Limpia Piscinas Barrefondo Piso Y Paredes Dolphin S100,MLA637365909,22680,34120743,TODOFERRETERIA,10,0,Clásica,Si, ,Nuevo,6,No,318
,,Robot Dolphin S50 Limpia Fondo Pileta Barrefondo Gtia 1 Año,MLA649459296,"19999,99",182441201,PINTURERIA PEREZ,3,0,Clásica,Si, ,Nuevo,6,Si,219
,,Robot Limpia Piscina Dolphin S50 Piletas 10mts Barre Fondo,MLA672227477,19675,75482619,ANSILA,5,0,Clásica,Si, ,Nuevo,6,Si,51
,,Irobot Roomba 652 Robot Inteligente Aspiradora Limpia Piso,MLA677367119,14999,203804413,NEXT CLICK,1,0,Clásica,Si, ,Nuevo,6,No,12
,,Robot Limpia Piscina Dolphin S200 Piletas 12mts Piso Y Pared,MLA672246280,31140,75482619,ANSILA,5,0,Clásica,Si, ,Nuevo,6,Si,50
,,Robot Limpia Piscinas Dolphin S200 Envio Gratis Todo El Pais,MLA633549415,31140,98215394,FERRETERIAPACHECO,100,0,Clásica,Si, ,Nuevo,6,Si,349
,,Robot Limpia Piletas Dolphin S100 En La Plata,MLA640499691,23355,179622249,SELECTOML,1,0,Clásica,Si, ,Nuevo,6,Si,294
,,Robot Limpiafondo Aquabot Supreme Para Piscina Eeuu,MLA678252634,23150,160259201,RODACOM201,1,0,Clásica,Si, ,Nuevo,6,Si,6
,,Casco Star Wars Para Robot Led,MLA607876178,6000,4616555,FACEMEGALED VANKLEY,1,0,Clásica,Si, ,Nuevo,6,No,538
,,Robot Limpia Piletas Dolphin S200,MLA640173425,29930,179622249,SELECTOML,1,0,Clásica,Si, ,Nuevo,6,Si,295
,,Robot Limpia Piletas Dolphin S200 En La Plata,MLA640499758,29930,179622249,SELECTOML,1,0,Clásica,Si, ,Nuevo,6,Si,294
,,Robot Automático Dolphin S300i ¡envio Gratis! ¡nuevo!,MLA648775137,33167,82903588,MERCEDES821113,1,0,Clásica,Si, ,Nuevo,6,No,225
,,Robot Star Wars R2d2 Banco Electronic Interactivo Nuevo Caja,MLA636373400,5501,8640722,GUYBRUSHT,2,0,Clásica,Si, ,Nuevo,6,Si,326
,,Robot Aspiradora Neato Botvac Connected Lider Precio Eftvo,MLA675770926,23182,183978307,ILUMINAUDIO.,10,0,Clásica,Si, ,Nuevo,6,No,23
,,Robot Dolphin S100 + Regalo!,MLA633011890,24300,194859139,PILETAS CRISCI,10,0,Clásica,Si, ,Nuevo,6,No,352
,,Philips  Msr 1200/2 1200 Lampara Descarga Robot,MLA614272132,6048,10034731,DMX SRL,299,0,Clásica,Si, ,Nuevo,6,No,506
,,Star Wars - Boba Fett 1/6 Sideshow - Robot Negro,MLA651644494,7800,188030579,ROBOTNEGRO,1,0,Clásica,Si, ,Nuevo,6,No,202
,,Robot Aspiradora Neato D75 Lider En Aspiradora Ultra Potente,MLA675767655,15743,183978307,ILUMINAUDIO.,10,0,Clásica,Si, ,Nuevo,6,No,23
,,Griven Mover Robot Con Lampara De Descarga Philips Msd 200,MLA607694141,5000,48326493,TECNOSHOWVELASCO,4,0,Clásica,Si, ,Nuevo,6,No,539
,,Robot Limpia Piletas Dolphin S100,MLA640173080,23355,179622249,SELECTOML,1,0,Clásica,Si, ,Nuevo,6,Si,295
,,Robot Dolphin S100 Limpiafondo Automático Para Piletas,MLA646105657,23350,170800723,AQUACHLOR,1,0,Clásica,Si, ,Nuevo,6,No,248
,,Motor Pivotante Batiente Robot Seg 1/2hp,MLA659834320,10999,235895484,AUTOMATIZACIONES INSUR,10,0,Clásica,Si, ,Nuevo,6,No,142
,,Robot Aspiradora Neato D85 Lider En Aspiradora Ultra Potente,MLA675769042,18165,183978307,ILUMINAUDIO.,10,0,Clásica,Si, ,Nuevo,6,No,23
,,Peloteros Laberintos Modulo Et /terror/ Robot,MLA670110901,33000,61479962,ECOTECNO JUEGOS,1,0,Clásica,Si, ,Nuevo,6,No,67
,,Robot Aspiradora Neato D75 Limpieza Inteligente En La Plata,MLA658985535,14099,143487279,HIDROPLAT,1,0,Clásica,Si, ,Nuevo,6,No,148
,,Acme Scanner Dynamo Mh-635s Robot Scan Luz Dmx Efecto,MLA602045232,"6622,62",10034731,DMX SRL,11,0,Clásica,Si, ,Nuevo,6,No,571
,,Dolphin S50 + Robot Aspiradora Inteligente Neato D75 Cs5632,MLA647513446,34582,7625198,SANITARIOS-ARIETA,999,0,Clásica,Si, ,Nuevo,6,Si,237
,,Robot Limpia Piletas Dolphin S100,MLA659279293,23355,192273152,SELECTOARG,1,0,Clásica,Si, ,Nuevo,6,Si,146
,,Traje De Robot Led Depredador Completo ,MLA676799045,30000,189877052,SNOWMANROBOTLED,1,0,Clásica,Si, ,Nuevo,6,No,16
,,Barrefondo Automatico Zodiac Trepa Paredes Mx8,MLA659833836,14000,206280322,ROSARIOSELLER,1,0,Clásica,Si, ,Nuevo,6,No,142
,,Robot Limpia Piscinas Barrefondo Automatico Dolphin S50,MLA637365720,18362,34120743,TODOFERRETERIA,10,0,Clásica,Si, ,Nuevo,6,No,318
,,Robot Dolphin S300i Con Caddy Robot Piscinas,MLA669839585,33000,236430258,CULZONIPISCINAS,15,0,Clásica,Si, ,Nuevo,6,Si,69
,,Robot Aspiradora Neato Botvac D75 Limpieza Inteligente,MLA662953457,16364,67585694,CLOROOLIVOS,2,0,Clásica,Si, ,Nuevo,6,No,119
,,Controlador Yaskawa 8 Ejes Servo O Paso A Paso Robot Cnc,MLA662940847,9820,11871175,78930,1,0,Clásica,Si, ,Nuevo,6,No,119
,,Sobrino - Robot Educativo Primera Infancia,MLA671811327,6260,166889694,MAQUINASLIBRES,1,0,Clásica,Si, ,Nuevo,6,Si,54
,,¡¡ Sin Stock !! Chogokin Mazinger Z Riobot - Mazinkaiser,MLA671046035,9800,147541309,MYTH JAPAN,1,0,Clásica,Si, ,Nuevo,6,No,60
,,Robot Limpia Piletas Dolphin S100 Vendedor Oficial La Plata,MLA659281116,23355,192273152,SELECTOARG,1,0,Clásica,Si, ,Nuevo,6,Si,146
,,Robot Dolphin S100 Limpia Fondo Nuevo Modelo!!!!,MLA664894439,23350,247342408,FOREST GARDEN,5,0,Clásica,Si, ,Nuevo,6,No,104
,,Nuevo!! Robot Dolphin S 50 Piso Y Ángulos,MLA636320870,18900,67585694,CLOROOLIVOS,4,0,Clásica,Si, ,Nuevo,6,Si,327
,,Robot Limpia Piscinas Dolphin S50 Nuevo Envio Gratis,MLA669906061,18000,236430258,CULZONIPISCINAS,25,0,Clásica,Si, ,Nuevo,6,Si,69
,,Robot Dolphin Limpia Piscinas,MLA665170457,24500,70558366,EDUARDO 0,1,0,Clásica,Si, ,Nuevo,6,Si,102
,,Cabezal Barral Led 4 Robots Con 10w Rgbw Osram,MLA619571427,11500,118276991,DEFABIAN26,4,0,Clásica,Si, ,Nuevo,6,No,465
,,Robot Aspiradora Neato Botvac D85 Limpieza Inteligente,MLA658279854,18873,67585694,CLOROOLIVOS,2,0,Clásica,Si, ,Nuevo,6,No,153
,,Dolphin S200 Robot Limpia Piscinas - Oferta!!,MLA639711608,29930,96320494,TECNOG MORENO,1,0,Clásica,Si, ,Nuevo,6,No,299
,,Toy Story Chogokin Película Robot Sh Figuarts Bandai,MLA675291352,6000,101017567,BLINKTRASHH,2,0,Clásica,Si, ,Nuevo,6,No,27
,,Nuevo!! Robot Dolphin S 200 Paredes Y Línea De Flotación.,MLA636315194,29900,67585694,CLOROOLIVOS,4,0,Clásica,Si, ,Nuevo,6,Si,327
,,Robot Barre Fondo Dolphin S50 Limpia Piscina Piletas,MLA657096512,18499,192273152,SELECTOARG,1,0,Clásica,Si, ,Nuevo,6,Si,161
,,Robot Limpia Piscinas Dolphin S200,MLA664404849,27680,179886566,TECNOPLAST1,5,0,Clásica,Si, ,Nuevo,6,Si,108
,,Traje Robot Led,MLA674121769,22000,28603947,CELL14,1,0,Clásica,Si, ,Nuevo,6,No,36
,,Aspiradora Robot Irobot Roomba 622 Modelo Superior.. Efctvo.,MLA678328042,8300,198945492,SPARTTAKO2016,1,0,Clásica,Si, ,Nuevo,6,Si,5
,,Robot Led De Niños Y De Adultos,MLA626466258,8500,3517457,BATIJAVIER2007,1,0,Clásica,Si, ,Nuevo,6,No,408
,,Robot Dolphin Diagnostic Wonder Con Caddy,MLA671861129,27300,236430258,CULZONIPISCINAS,9,0,Clásica,Si, ,Nuevo,6,Si,54
,,Robot Limpiapiscinas Dolphin M3 ,MLA675816997,21999,139726925,REVESTIMIENTOS ARGENTINOS,1,0,Clásica,Si, ,Nuevo,6,Si,23
,,Robot Aspiradora Inteligente Neato D85,MLA659239879,22869,128836887,MINUSTECHNOLOGY,10,0,Clásica,Si, ,Nuevo,6,No,147
,,Robot Limpiapiscinas Dolphin M4 Supreme Pro ,MLA675817606,34599,139726925,REVESTIMIENTOS ARGENTINOS,1,0,Clásica,Si, ,Nuevo,6,Si,23
,,Juguetes Wonder Pack Dash & Dot 29,MLA657204678,"7068,64",148089117,FUTUROINFORMATICASRL,3,0,Clásica,Si, ,Nuevo,6,No,160
,,Robot Aspiradora Inteligente Neato D75,MLA659240255,19820,128836887,MINUSTECHNOLOGY,10,0,Clásica,Si, ,Nuevo,6,No,147
,,Robot Aspiradora Inteligente Bv Connec. Neato.envio Gratis!!,MLA669302228,23185,194859139,PILETAS CRISCI,1,0,Clásica,Si, ,Nuevo,6,No,72
,,Robot Aspiradora Inteligente | D75 Neato | Puerto Piscina,MLA675784517,16380,244865951,PUERTO PISCINA,1,0,Clásica,Si, ,Nuevo,6,No,23
,,"Nuevo Irobot Roomba 980 Vacío Limpieza Robot, Precios Únicos",MLA635403944,25999,41878430,LUCHIRIDIUM,1,0,Clásica,Si, ,Nuevo,6,No,334
,,Robot Dolphin S300i Nuevo Modelo Limpia Fondo Con Bluetooth,MLA648453655,33170,239337106,PISCINAS BOREAL,1,0,Clásica,Si, ,Nuevo,6,No,229
,,Buzz Toy Story Chogokin Película Robot Sh Figuarts Bandai,MLA677958482,6000,101017567,BLINKTRASHH,2,0,Clásica,Si, ,Nuevo,6,No,8
,,Cecotec Conga Slim 890 - Robot Aspirador Con 5 Modos De Limp,MLA678760330,8999,8634938,FHUNTH,1,0,Clásica,Si, ,Nuevo,6,No,2
,,Robot Aspiradora Inteligente | Bv Connected | Puerto Piscina,MLA675900115,24120,244865951,PUERTO PISCINA,1,0,Clásica,Si, ,Nuevo,6,No,23
,,Kit Automatizacion Porton Bbs Robot Pivotante 1 Hoja 6 Mts,MLA673233015,8800,198956994,RAMISCHGERMAN,999,0,Clásica,Si, ,Nuevo,6,No,43
,,"Lego Boost - Novedad Absoluta, El Robot 5-en-1 De Lego",MLA678795322,12000,208244721,THUMBSUPROPA,2,0,Clásica,Si, ,Nuevo,6,No,2
,,Aspiradora Robot Haier Xshuai Shuaixiaobao ,MLA674293569,8000,95782806,FERNANDO_BOCA77,1,0,Clásica,Si, ,Nuevo,6,No,35
,,Robot Aspiradora Neato D75,MLA674906109,15200,139726925,REVESTIMIENTOS ARGENTINOS,1,0,Clásica,Si, ,Nuevo,6,No,30
,,Dolphin E10 Robot,MLA633264630,17789,181898736,SELVASNATATORIOS,1,0,Clásica,Si, ,Nuevo,6,No,350
,,Robot Aspiradora Inteligente | D85 Neato | Puerto Piscina,MLA675785984,18900,244865951,PUERTO PISCINA,1,0,Clásica,Si, ,Nuevo,6,No,23
,,Robot Aspiradora Inteligente D85 Neato. Envio Gratis!!,MLA669301276,18165,194859139,PILETAS CRISCI,1,0,Clásica,Si, ,Nuevo,6,No,72
,,Mixer Batidora De Mano Robot Coupe Mp 350 Comercial A Pedido,MLA667513212,28000,90952429,PS3ARGENTINA,1,0,Clásica,Si, ,Nuevo,6,No,85
,,Robot Dolphin S300i Limpia Piletas Con Bluetooth Con Caddy,MLA665937793,34240,255273266,BID ARGENTINA,1,0,Clásica,Si, ,Nuevo,6,No,97
,,Enrrollador Automático De Manguera Para Diesel Vulcano,MLA621311829,"15271,47",207858229,FERRE CLICK,1,0,Clásica,Si, ,Nuevo,6,No,451
,,Robot Aspiradora Neato Botvac D85 (6 Cuotas Sin Interés),MLA678699960,21100,67585694,CLOROOLIVOS,2,0,Premium,Si, ,Nuevo,6,No,2
,,Robot Aspiradora Neato Botvac D75 (6 Cuotas Sin Interés),MLA678701638,18200,67585694,CLOROOLIVOS,2,0,Premium,Si, ,Nuevo,6,No,2
,,Robot Dolphin M4 Pro,MLA660335138,32900,97562226,MARIANOLMN,1,0,Clásica,Si, ,Nuevo,6,No,139
,,Robot Interactivo Arturito R2d2 Ar2r2 Ar2t2 De Star-wars,MLA648400177,8501,95678347,GALLEGO CATALANO,3,0,Clásica,Si, ,Nuevo,6,No,229
,,Robot Cozmo .,MLA674847701,7800,6537053,SLONG_PRG,1,0,Clásica,Si, ,Nuevo,6,No,30
,,Kit Motor Pivotante Batiente Robot Porton 5mts Ppa 1hp,MLA673933113,24690,77592540,COLBEN,10,0,Clásica,Si, ,Nuevo,6,No,37
,,Robot Dolphin S50 Limpia Piscina Pileta Barre Fondo,MLA649450970,19674,128836887,MINUSTECHNOLOGY,10,0,Clásica,Si, ,Nuevo,6,No,219
,,Robot Limpiafondo Dolphin  S200,MLA673138567,29930,231371549,CERROCLORVENTAS,50,0,Clásica,Si, ,Nuevo,6,No,44
,,Robot Limpia Piscinas Dolphin E10,MLA656403496,17250,192024156,DACLOR-PISCINAS,1,0,Clásica,Si, ,Nuevo,6,No,166
,,Kit Motor Portón Pivotante Industriual Pivus Robot 1.0,MLA676942447,10999,240678704,ACCESOAUTOMATIZACIONES,1000,0,Clásica,Si, ,Nuevo,6,Si,15
,,Kit Motor Portón Pivotante Industriual Pivus Robot 2.0 Tri,MLA676944091,17999,240678704,ACCESOAUTOMATIZACIONES,1000,0,Clásica,Si, ,Nuevo,6,Si,15
,,Robot Dolphin E20 Piso/pared,MLA678396374,25950,242855904,MAQUINAS.COM,1,0,Clásica,Si, ,Nuevo,6,No,5
,,Robot Starwars R2 D2 Arturito Guerra De Las Galaxias Miralo,MLA673843523,8500,151389331,ELCAPODENEXTEL,2,0,Clásica,Si, ,Nuevo,6,No,38
,,"Robot Led Traje Completo Sin Zancos, Marco Y Pechera Led",MLA675582540,14000,255681154,PLJO1113310,1,0,Clásica,Si, ,Nuevo,6,No,25
,,Triturador Robot Coupe Modelo Micromix Tubo Acero Inoxidable,MLA662731438,8900,237839123,TIENDA ACERO,1,0,Clásica,Si, ,Nuevo,6,No,120
,,Robot Dolphin S200 Aguas De Leloir.,MLA637731673,27680,98826960,AGUASDELELOIR,1,0,Clásica,Si, ,Nuevo,6,No,315
,,Robot Dolphin E10 Piso,MLA678396817,19250,242855904,MAQUINAS.COM,1,0,Clásica,Si, ,Nuevo,6,No,5
,,I-robot Para Baldear Baño Y Cocina - Scooba 230,MLA676535845,8900,210329375,PORO4833344,1,0,Clásica,Si, ,Nuevo,6,No,18
,,Kit  Porton Automatico Pivotante Bbs Robot 1 Hoja Hasta 6mt,MLA672543986,9800,81442244,360 SISTEMAS DE SEGURIDAD,10000,0,Clásica,Si, ,Nuevo,6,No,48
,,Robot Starwars R2 D2 Arturo Alcancia Electrica Para Iphone 5,MLA607343509,5000,151389331,ELCAPODENEXTEL,2,0,Clásica,Si, ,Nuevo,6,No,541
,,Robot Dolphin S200 + Regalo!,MLA643254149,31140,194859139,PILETAS CRISCI,1,0,Clásica,Si, ,Nuevo,6,No,272
,,Robot Starwars R2 D2 Arturito Guerra De Las Galaxias R2d2,MLA629882773,7351,151389331,ELCAPODENEXTEL,2,0,Clásica,Si, ,Nuevo,6,No,379
,,Robot Starwars R2-d2 Arturito Guerra De Las Galaxias Miralo,MLA629883124,5500,151389331,ELCAPODENEXTEL,2,0,Clásica,Si, ,Nuevo,6,No,379
,,Robot Aquabot Rapid 4wd - Trepa Paredes - Piletas Hasta 15 M,MLA609828658,"24499,25",183693864,EBR_ELECTROBOMBAS_ROSARIO,3,0,Clásica,Si, ,Nuevo,6,Si,528
,,Robot Starwars R2.d2 Arturito Guerra De Las Galaxias Ver#7,MLA604118703,7350,151389331,ELCAPODENEXTEL,2,0,Clásica,Si, ,Nuevo,6,No,560
,,Venetian Vs-2065 Scan Beam 5r Robot Dj Efecto Potente,MLA626778348,14900,10034731,DMX SRL,15500,0,Clásica,Si, ,Nuevo,6,No,406
,,Robot Star Wars R2-d2 Interactive Electronic Bank Coleccion,MLA605865217,5000,151389331,ELCAPODENEXTEL,2,0,Clásica,Si, ,Nuevo,6,No,549
,,Robot Star Wars R2d2 Arturo Articulo De Coleccion Nuevo Caja,MLA603680256,5250,151389331,ELCAPODENEXTEL,2,0,Clásica,Si, ,Nuevo,6,No,562
,,Robot Limpia Piscinas Barrefondo Piso Y Paredes Dolphin S200,MLA637366489,29064,34120743,TODOFERRETERIA,10,0,Clásica,Si, ,Nuevo,6,No,318
,,Robot Star Wars R2d2 Pieza Para Coleccionistas Nuevo 0km,MLA630721700,5251,151389331,ELCAPODENEXTEL,2,0,Clásica,Si, ,Nuevo,6,No,372
,,4 Unidades Cabezal Movil 7 Led Dmx Rgbw Robot Tecno Cooler,MLA676746120,9400,49843944,TECNO COOLER,10,0,Clásica,Si, ,Nuevo,6,No,16
,,Robot Star-wars R2-d2 Interactiv Bank Electronic Nuevo 0km,MLA603466288,5250,151389331,ELCAPODENEXTEL,2,0,Clásica,Si, ,Nuevo,6,No,563
,,Cozmo - Robot Masc. C/ Inteligencia Artificial Video Muestra,MLA669957946,8000,93029020,VIRO Q.,1,0,Clásica,Si, ,Nuevo,6,No,68
,,Robot Star Wars R2-d2 Interactive Electronic Bank Banco R2d2,MLA607911559,5000,151389331,ELCAPODENEXTEL,2,0,Clásica,Si, ,Nuevo,6,No,538
,,Acuatic Explorer Up Limpia Piscina Automático,MLA666922647,5890,191938231,MOBY_ARG,2,0,Clásica,Si, ,Nuevo,6,No,89
,,Robot Star Wars R2d2 Arturo Articulo De Coleccion En Caja,MLA607343584,5000,151389331,ELCAPODENEXTEL,2,0,Clásica,Si, ,Nuevo,6,No,541
,,Philips Msr 1200w Sa  Lampara Descarga Robot Cabezal Movil,MLA605198794,"7027,68",10034731,DMX SRL,2,0,Clásica,Si, ,Nuevo,6,No,533
,,Robot Limpiapiscinas Dolphin Serie S - 100 Envio Gratis     ,MLA677928415,21599,243995532,CASAFERNANDES_ML,3,0,Clásica,Si, ,Nuevo,6,No,8
,,Robot Limpiapiscinas Dolphin Serie S - 200                  ,MLA677928437,27680,243995532,CASAFERNANDES_ML,3,0,Clásica,Si, ,Nuevo,6,No,8
,,Robot Limpiapiscinas Dolphin Serie S - 50 Envio Gratis      ,MLA677857356,18362,243995532,CASAFERNANDES_ML,3,0,Clásica,Si, ,Nuevo,6,No,8
,,Fuente De Alimentación Pra Robot Dolphin Pro X2  Cod:9995671,MLA673269112,5227,161990496,DTODOAGUA,1,0,Clásica,Si, ,Nuevo,6,No,43
,,¡¡ Sin Stock !! Chogokin Mazinger Z Getter Robot Color,MLA671045830,5900,147541309,MYTH JAPAN,1,0,Clásica,Si, ,Nuevo,6,No,60
,,Robot Irobot Aspiradora Roomba 780 Hasta 80m2 Om,MLA631581131,18690,148742811,FACHA2407,10,0,Clásica,Si, ,Nuevo,6,No,364
,,Motor Pivotante Batiente Robot Seg 1/2hp,MLA659832179,10999,77592540,COLBEN,10,0,Clásica,Si, ,Nuevo,6,No,142
,,Combo Cabezal Movil Led Robot X 12w Rgbw,MLA652606034,10500,242787378,LUTO7213896,1,0,Clásica,Si, ,Nuevo,6,No,195
,,Martin Roboscan 812 Robot 150w Efecto Dmx,MLA612252191,7500,48326493,TECNOSHOWVELASCO,1,0,Clásica,Si, ,Nuevo,6,No,516
,,Limpiadores De Piscina Residencial Dolphin E10 Asi,MLA629055960,20690,148742811,FACHA2407,10,0,Clásica,Si, ,Nuevo,6,No,386
,,Limpia Fondo Barrefondo Max Water Tech Corp No Dolphin,MLA669282942,12800,92615811,INNOVATIONSARG,300,0,Clásica,Si, ,Nuevo,6,No,72
,,Limpia Fondo Pileta Max Baterias No Dolphin,MLA669857905,12800,92615811,INNOVATIONSARG,200,0,Clásica,Si, ,Nuevo,6,No,69
,,Robot Star Wars R2d2 Interactivo Banco Electronic Nuevo Caja,MLA604289827,5000,8640722,GUYBRUSHT,2,0,Clásica,Si, ,Nuevo,6,No,559
,,Robots Interactivos Para Ninos Wonder Workshop Dash&dot Cig,MLA669743074,8690,148742811,FACHA2407,10,0,Clásica,Si, ,Nuevo,6,No,70
,,Limpiadores De Piscina Residencial Profesional Dolphin Asi,MLA629056278,28890,148742811,FACHA2407,10,0,Clásica,Si, ,Nuevo,6,No,386
,,Kit Automatizacion De Porton Pivotante A Rueda Bbs Robot 600,MLA672694492,12500,194638115,CERRAJERIA GABY,999,0,Clásica,Si, ,Nuevo,6,No,47
,,Cabezal Movil Iluminacion Led Robot Gtd Lm621,MLA603514809,28750,40941360,MUSICAL BLUE,1,0,Clásica,Si, ,Nuevo,6,No,563
,,Limpiadores Piscina Residencial Dolphin Diagnostic Pvc Asi,MLA629056720,34790,148742811,FACHA2407,10,0,Clásica,Si, ,Nuevo,6,No,386
,,Espa Limpiador De Piscina Aquabot Supreme Rdo,MLA651499108,32690,148742811,FACHA2407,10,0,Clásica,Si, ,Nuevo,6,No,203
,,Robot Limpia Piletas U$s 649,MLA660313714,9999,764685,ASSAAD,1,0,Clásica,Si, ,Nuevo,6,No,139
,,Limpiafondo Automatico Dolphin S100,MLA650345540,23500,183227876,HIDRAULICASARANDI,1,0,Clásica,Si, ,Nuevo,6,No,213
,,Juguetes Wonder Dash 29,MLA657206336,"5611,13",148089117,FUTUROINFORMATICASRL,3,0,Clásica,Si, ,Nuevo,6,No,160
,,Chassis Robot Lynxmotion Completo Nuevo,MLA671059200,6000,243038082,FRAR9438696,1,0,Clásica,Si, ,Nuevo,6,No,60
,,Robot Dolphin Barre Fondo S50 Limpia Piscina Pileta,MLA658572921,17299,45984353,PABLOEZEHERRERO,1,0,Clásica,Si, ,Nuevo,6,No,151
,,"Dolphin S-100 , Limpia Piscinas..robot Trepa Paredes",MLA666736084,21650,213074973,PISCINASEST.GRANDE,3,0,Clásica,Si, ,Nuevo,6,No,91
,,Robot Interactivo Arturito R2d2 Ar2r2 Ar2t2 De Star Wars,MLA615065228,7500,95678347,GALLEGO CATALANO,2,0,Clásica,Si, ,Nuevo,6,No,501
,,Robot Piscinas S5 Suelo Y Pared Hidraulico Astral Pool. Caja,MLA672049880,13499,29856053,PALMENMAJO,1,0,Clásica,Si, ,Nuevo,6,No,52
,,Robot Piscina Aquabot Rapids 4wd Piso Y Paredes,MLA642341582,22500,184386090,STIBINGENIERIA,1,0,Clásica,Si, ,Nuevo,6,No,279
,,Robot Dolphin S200 Limpiafondo Automático Para Piletas,MLA646108746,29900,170800723,AQUACHLOR,1,0,Clásica,Si, ,Nuevo,6,No,248
,,Limpiafondo Automatico Dolphin S200,MLA650346684,29935,183227876,HIDRAULICASARANDI,1,0,Clásica,Si, ,Nuevo,6,No,213
,,Kit Robot Programable Similar Arduino,MLA633940747,5200,41878430,LUCHIRIDIUM,1,0,Clásica,Si, ,Nuevo,6,No,345
,,Dolphin Robot Limpiapiletas E 10 Nuevo,MLA667202892,14200,77889238,ADRIHORM,1,0,Clásica,Si, ,Nuevo,6,No,87
,,Walle Wall E Robot Wall-e Construct Pixar Original Nene Nena,MLA613555716,5000,99571488,KAM_VILLA,1,0,Clásica,Si, ,Nuevo,6,No,510
,,Robot Dolphin S200. Limpia Fondo Para Piscina,MLA668877130,28370,169272784,HIDROVENTSRL,1,0,Clásica,Si, ,Nuevo,6,No,75
,,Aspiradora Stanley 60 Litros 1950w,MLA676929948,"7299,99",183812883,MARCELO CREUS,1,0,Clásica,Si, ,Nuevo,6,No,15
,,Robot Dolphin S100 Limpia Piscina Pileta Barre Fondo,MLA652447753,24300,128836887,MINUSTECHNOLOGY,10,0,Clásica,Si, ,Nuevo,6,No,196
,,Indominus Rex Zoomer Robot Jurassic World,MLA677688852,6000,60747404,CAROLINIITAA,1,0,Clásica,Si, ,Nuevo,6,No,9
,,Espa Limpiador De Piscina Aquabot Rapid 4wd Rdo,MLA623077535,28590,148742811,FACHA2407,10,0,Clásica,Si, ,Nuevo,6,No,437
,,Robot Interactivo Arturito R2d2 Ar2r2 Ar2t2 Star Wars Nuevo,MLA659569521,8503,95678347,GALLEGO CATALANO,2,0,Clásica,Si, ,Nuevo,6,No,144
,,Robot Dolphin S200 Limpia Piscina Pileta Barre Fondo,MLA652447867,31140,128836887,MINUSTECHNOLOGY,10,0,Clásica,Si, ,Nuevo,6,No,196
,,Robot Dolphin S50 Limpia Piscina Pileta Barre Fondo,MLA652448479,19674,128836887,MINUSTECHNOLOGY,10,0,Clásica,Si, ,Nuevo,6,No,196
,,Robot De Limpieza-,MLA676236937,7800,146521733,CAMILADALLAVECCHIA,1,0,Clásica,Si, ,Nuevo,6,No,20
,,"Robot Cozmo Inteligente, Ultimo En Stock!!",MLA671533555,8000,37027966,LEAN.ALIAS2011,1,0,Clásica,Si, ,Nuevo,6,No,56
,,Robot Limpiapiscinas - Línea Residencial Dolphin S 50,MLA650054876,22990,230738339,CLOROMASROLDAN,1,0,Clásica,Si, ,Nuevo,6,No,215
,,Robot Aquabot Rapids 4wd  ,MLA671233448,"31181,17",151442994,ELMUNDODELPLOMERO,3,0,Clásica,Si, ,Nuevo,6,No,59
,,Robot Apex Iv. Para Inyectora U Otras Maquinas,MLA673936638,30000,85415659,DANITO221,1,0,Clásica,Si, ,Nuevo,6,No,37
,,Triturador Robot Coupe Modelo Mini Mp 240 V.v. Pie Removible,MLA662732367,19000,237839123,TIENDA ACERO,1,0,Clásica,Si, ,Nuevo,6,No,120
,,Nuevos Robots Para Facebook Messenger Chatbot,MLA655887099,15000,89801872,ARTIFISICO,1,0,Clásica,Si, ,Nuevo,6,No,170
,,Kit Automatizador Porton Pivotante Bbs Robot Hoja Hasta 6mt,MLA672543545,9800,81442244,360 SISTEMAS DE SEGURIDAD,10000,0,Clásica,Si, ,Nuevo,6,No,48
,,Pinza Neumatica Tipo Festo Robotica Automatizacion Cnc Robot,MLA665402775,7160,11871175,78930,1,0,Clásica,Si, ,Nuevo,6,No,100
,,Robot Dolphin E10 Barrefondo Piletas Piscinas Nuevo Modelo!!,MLA631815341,18362,96320494,TECNOG MORENO,1,0,Clásica,Si, ,Nuevo,6,No,362
,,Zanco Rojo Durlock Robot Envios Cercanos Gratis,MLA660510624,5800,217286642,PROSANFERR,10,0,Clásica,Si, ,Nuevo,6,No,137
,,Robot Aspiradora Neato D75,MLA673818342,29950,83655067,ANDREWS8073,1,0,Clásica,Si, ,Nuevo,6,No,38
,,Triturador Robot Coupe Modelo Cmp 350 V.v.,MLA662733254,19650,237839123,TIENDA ACERO,1,0,Clásica,Si, ,Nuevo,6,No,120
,,Vendo Robots De Led. Envios A Todo El Pais,MLA670131749,20000,56298667,LAUREANO ANDRES,1,0,Clásica,Si, ,Nuevo,6,No,67
,,Robot Interactivo Arturito R2d2 Ar2r2 Ar2t2 Star Wars Nuevo,MLA609021356,7500,95678347,GALLEGO CATALANO,2,0,Clásica,Si, ,Nuevo,6,No,532
,,Robot Led,MLA666346363,16500,203060913,GOBR1411673,1,0,Clásica,Si, ,Nuevo,6,No,93
,,Buzz Lightyear Guardian Del Espacio Robot A Control Remoto,MLA606116134,5899,27420742,BABY KINGDOM,11,0,Clásica,Si, ,Nuevo,6,No,548
,,Robot Interactivo De Star Wars Arturito R2d2 Ar2r2 Ar2t2,MLA629425434,8501,95678347,GALLEGO CATALANO,2,0,Clásica,Si, ,Nuevo,6,No,383
,,Robot De Star Wars Interactivo Arturito R2d2 Ar2r2 Ar2t2,MLA630431687,8501,95678347,GALLEGO CATALANO,2,0,Clásica,Si, ,Nuevo,6,No,374
,,Robot Aspiradora Inteligente D75 Neato. Envio Gratis!!,MLA669301679,15745,194859139,PILETAS CRISCI,1,0,Clásica,Si, ,Nuevo,6,No,72
,,Robot De Cocina Thermomixer T-1000 Smart - Tek + Accesorios ,MLA677980171,6500,216641123,ESCAMES HNOS,2,0,Clásica,Si, ,Nuevo,6,No,7
,,Digitech Dirty Robot Guitar Eff* Sin Stock* A Pedido 35días!,MLA677625206,6099,73824703,INOVAMUSICNET.COM,2,0,Clásica,Si, ,Nuevo,6,No,10
,,Robot Dolphin S50 + Regalo!,MLA633006029,19675,194859139,PILETAS CRISCI,4,0,Clásica,Si, ,Nuevo,6,No,352
,,Robot Didactico Para Escuelas Tecnicas,MLA652656575,16000,130963994,LUMINAYRES,1,0,Clásica,Si, ,Nuevo,6,No,195
,,Muñeco Buzz Lightyear U-command Robot Programable. Toy Story,MLA606116096,5899,27420742,BABY KINGDOM,11,0,Clásica,Si, ,Nuevo,6,No,548
,,Gtd-lm621 - Cabezal Movil Iluminacion Led Robot,MLA673637886,"27976,77",152460635,TIENDAFEEDBACK,1,0,Clásica,Si, ,Nuevo,6,No,40
,,Robot De Cocina Thermomixer Smart Tek  Y Garantía,MLA678231636,6999,57784489,TECNO-STORES,10,0,Clásica,Si, ,Nuevo,6,No,6
,,Satarii Swivl Robot,MLA647357080,15218,76310627,BIBLIOTECADELMUSICO,10,0,Clásica,Si, ,Nuevo,6,No,239
,,Robot Limpia Piscinas Supreme M3 Advanced,MLA675022075,21840,246348715,AGUAYBOMBASSRLAGUAYBOM,1,0,Clásica,Si, ,Nuevo,6,Si,29
,,Robot Dolphin S 100.,MLA641064925,22000,2499405,FOUNTAINMAN,4,0,Clásica,Si, ,Nuevo,6,No,289
,,Dolphin S50 Robot Bahia Blanca,MLA653120250,18600,219553287,CUATRO-ESTACIONES BAHIABLANCA,1,0,Clásica,Si, ,Nuevo,6,No,191
,,Robot Dolphin Supreme M3 Advance Barrefondo Piscina,MLA676118452,18990,265861958,VIDA JARDIN,1,0,Clásica,Si, ,Nuevo,6,No,21
,,Robot Limpiapiletas Dolphin S200,MLA649514941,27815,139726925,REVESTIMIENTOS ARGENTINOS,1,0,Clásica,Si, ,Nuevo,6,Si,219
,,Robot Aspiradora Inteligente Neato D85,MLA672170887,15999,97104203,SERVITEK_AR,6,0,Clásica,Si, ,Nuevo,6,No,51
,,Robot Aquabot Rapid 4wd - Trepa Paredes - Piletas Hasta 15 M,MLA609828674,24500,183693864,EBR_ELECTROBOMBAS_ROSARIO,3,0,Clásica,Si, ,Nuevo,6,Si,528
,,Robot Aspiradora Inteligente Neato D85 Limpia Pisos,MLA672397251,17300,192083291,MUNDOHIGIENE,9999,0,Clásica,Si, ,Nuevo,6,Si,49
,,Robot Aspiradora Inteligente Neato D75 Limpia Pisos,MLA672394215,14990,192083291,MUNDOHIGIENE,9999,0,Clásica,Si, ,Nuevo,6,Si,49
,,Robot Dolphin Limpia Pileta Barre Fondo Filtro M4 Pro Wb,MLA637540759,34859,26448669,EKKON EXPERTOS,1,0,Clásica,Si, ,Nuevo,6,Si,316
,,Robot Dolphin Limpia Pileta Barre Fondo Angulos Filtro S50,MLA637406533,17488,26448669,EKKON EXPERTOS,1,0,Clásica,Si, ,Nuevo,6,Si,318
,,Robot Dolphin Limpia Pileta Barre Fondo Filtro Angulos S200,MLA637407386,27680,26448669,EKKON EXPERTOS,1,0,Clásica,Si, ,Nuevo,6,Si,317
,,Robot Dolphin S50 Limpia Piscina Fondo Envio Gratis,MLA636710686,18035,192083291,MUNDOHIGIENE,9998,0,Clásica,Si, ,Nuevo,6,Si,323
,,Robot Dolphin Limpia Pileta Barre Fondo Filtro M4 Pro Pvc,MLA637442444,33219,26448669,EKKON EXPERTOS,2,0,Clásica,Si, ,Nuevo,6,Si,317
,,Robot Dolphin S200 Limpia Piscina Barrefondo Envio Gratis,MLA636711410,28545,192083291,MUNDOHIGIENE,9998,0,Clásica,Si, ,Nuevo,6,Si,323
,,Robot Limpia Piletas Dolphin S200 Envio Gratis Todo El Pais,MLA641440590,26815,97104203,SERVITEK_AR,1000,0,Clásica,Si, ,Nuevo,6,No,286
,,"Dvd : Robot Chicken Season 1 - Season 5 (gift Set, , 5 Disc)",MLA675911681,5309,161008662,ELBAZARDIGITAL_COM,2,0,Clásica,Si, ,Nuevo,6,No,22
,,Kit Motor Portón Pivotante Industriual Pivus Robot 1.5,MLA676942838,14999,240678704,ACCESOAUTOMATIZACIONES,1000,0,Clásica,Si, ,Nuevo,6,Si,15
,,Robot R2-d2 Interactivo 1000 Acciones Programabl,MLA677449634,6449,81009099,ARCAN4,1,0,Clásica,Si, ,Nuevo,6,No,12
,,Robot Aquabot Rapid 4wd - Trepa Paredes - Piletas Hasta 15 M,MLA609828676,24500,183693864,EBR_ELECTROBOMBAS_ROSARIO,3,0,Clásica,Si, ,Nuevo,6,Si,528
,,Robot Dolphin S200 Limpia Piscina Pileta Barre Fondo,MLA649442130,31140,128836887,MINUSTECHNOLOGY,10,0,Clásica,Si, ,Nuevo,6,No,219
,,Dolphin S100 Robot Limpia Piscinas,MLA649514877,22000,139726925,REVESTIMIENTOS ARGENTINOS,1,0,Clásica,Si, ,Nuevo,6,Si,219
,,Robot Limpiapiletas Dolphin S50,MLA649514888,17999,139726925,REVESTIMIENTOS ARGENTINOS,1,0,Clásica,Si, ,Nuevo,6,Si,219
,,Kit Motor Portón Pivotante Industriual Pivus Robot 2.0,MLA676943244,17999,240678704,ACCESOAUTOMATIZACIONES,1000,0,Clásica,Si, ,Nuevo,6,Si,15
,,Modulo Robots Accionador Cambios Easytronic,MLA677959247,8000,63372268,XAVIER_DARIO,1,0,Clásica,Si, ,Nuevo,6,No,8
,,Motor Bbs Pivotante Robot Kit Con Dos Controles,MLA678243946,8799,1648562,SASEGURIDAD,1,0,Clásica,Si, ,Nuevo,6,No,6
,,Robot Dolphin S100 Limpia Piscina Pileta Barre Fondo,MLA649441059,24300,128836887,MINUSTECHNOLOGY,10,0,Clásica,Si, ,Nuevo,6,No,219
,,Robot Aspirador Irobot Roomba 581 - Nuevo,MLA676544620,9900,210329375,PORO4833344,1,0,Clásica,Si, ,Nuevo,6,No,18
,,Dolphin 100 (canning),MLA637940073,25000,191430735,STEVENPSCINAS,1,0,Clásica,Si, ,Nuevo,6,No,314
,,Robot Barrefondo  Dolphin S50,MLA639658401,18909,231371549,CERROCLORVENTAS,50,0,Clásica,Si, ,Nuevo,6,No,300
,,Robot Dolphin S 50,MLA641063766,18000,2499405,FOUNTAINMAN,4,0,Clásica,Si, ,Nuevo,6,No,289
,,Robot Dolphin S300i Aguas De Leloir.,MLA634054455,34240,98826960,AGUASDELELOIR,1,0,Clásica,Si, ,Nuevo,6,No,344
,,Robot Dolphin S50 Aguas De Leloir.,MLA637730594,17488,98826960,AGUASDELELOIR,1,0,Clásica,Si, ,Nuevo,6,No,315
,,Robot Dolphin S200 Barrefondo Piscina Trepa Paredes,MLA676120176,32500,265861958,VIDA JARDIN,1,0,Clásica,Si, ,Nuevo,6,No,21
,,Acme Scanner Dynamo Mh-635s Robot Scan Luz Dmx Efecto Envio,MLA677354790,5780,91053721,UNDER-MUSIC,999,0,Clásica,Si, ,Nuevo,6,Si,12
,,Dolphin 50 (canning),MLA637939494,18000,191430735,STEVENPSCINAS,1,0,Clásica,Si, ,Nuevo,6,No,314
,,Robot Dolphin S50 Barrefondo Piscina,MLA676119419,20500,265861958,VIDA JARDIN,1,0,Clásica,Si, ,Nuevo,6,No,21
,,Traje Robot Led Diseño Exclusivo,MLA609202615,17000,137605681,WIFI_GRATIS2013,1,0,Clásica,Si, ,Nuevo,6,No,531
,,Droide Robótico Interactivo Star Wars Smart R2-d2 Celular,MLA651461431,7000,44049751,TUBESARG,1,0,Clásica,Si, ,Nuevo,6,Si,204
,,Robot Dolphin S50 Limpia Piscina Barrefondo Nueva Envió Caba,MLA646547169,18910,204229801,SAL PARK,1,0,Clásica,Si, ,Nuevo,6,Si,245
,,Traje De Robot Led Con Zancos,MLA673791717,13000,203168199,LSMOK,1,0,Gratuita,Si, ,Nuevo,6,No,38
,,Irobot Roomba 621 Aspiradora Robot De Limpieza Automatica,MLA673118889,30199,68509887,SUPERNOVA8,1,0,Gratuita,Si, ,Nuevo,6,Si,44
,,"Aspiradora Robot Conga, Aspira Y Limpia -mejor Que Roomba!-",MLA677016026,10999,43160377,MAC_TA,1,0,Gratuita,Si, ,Nuevo,6,Si,15
,,Triturador Micromix 220v. Robot Coupe,MLA625099432,7990,81208677,RDFMAQUINARIAS,1,0,Clásica,Si, ,Nuevo,6,No,419
,,Robot Dolphin S300i Limpia Piletas Con Bluetooth Con Caddy,MLA678670321,34440,255273266,BID ARGENTINA,1,0,Clásica,Si, ,Nuevo,6,Si,2
,,Venta De Robot Led Diseños Exclusivos Exelente Inversion,MLA612426519,15000,120627018,MEGALEDEVENTOS ARTISTA,1,0,Clásica,Si, ,Nuevo,6,No,516
,,Robot Dolphin S200 Limpia Piscina Automatico,MLA674217086,27000,177811031,SEPE5046070,1,0,Gratuita,Si, ,Nuevo,6,No,36
,,Robot Dolphin S300i Limpia Piscina Automatico,MLA674217334,32000,177811031,SEPE5046070,1,0,Gratuita,Si, ,Nuevo,6,No,35
,,Aspiradora Roomba Robot 780,MLA671375928,17000,173476156,ARIJULIO21,1,0,Gratuita,Si, ,Nuevo,6,No,57
,,Roomba 621 - Irobot,MLA671584007,8000,57667137,CLAUJUAN_DRA,1,0,Gratuita,Si, ,Nuevo,6,No,56
,,Robot Aquabot Rapid 4wd - Trepa Paredes - Piletas Hasta 15 M,MLA609828675,24500,183693864,EBR_ELECTROBOMBAS_ROSARIO,3,0,Clásica,Si, ,Nuevo,6,No,528
,,Robot Completo Caja I Motion Vw,MLA671246431,15000,209522356,GRECOMARIACRISTINA,1,0,Gratuita,Si, ,Nuevo,6,No,58
,,Dolphin Robot Limpia Piscinas S50,MLA671303744,15250,245041703,CAEIROWICAA,1,0,Gratuita,Si, ,Nuevo,6,No,58
,,Irobot Roomba 860 Robot Inteligente Aspiradora Limpia 15%off,MLA674371343,14999,97991618,BRUNO.MORUZZI,1,0,Gratuita,Si, ,Nuevo,6,No,34
,,Robot Dolphin S100 Limpia Piscina Automatico,MLA673453941,20000,177811031,SEPE5046070,1,0,Gratuita,Si, ,Nuevo,6,No,41
,,"Aspiradora Robot Conga, Aspira Y Limpia -mejor Que Roomba!-",MLA678560035,13990,127663451,ANDREAFABIANASURACE,1,0,Gratuita,Si, ,Nuevo,6,No,3
,,"Aspiradora Robot Conga, Aspira Y Limpia -mejor Que Roomba!-",MLA677603592,10999,127663451,ANDREAFABIANASURACE,1,0,Gratuita,Si, ,Nuevo,6,No,10
,,Robot Dolphin S 200 Limpia Piscinas Inteligente,MLA678424423,31140,56273162,AGUACLARA2009,1,0,Gratuita,Si, ,Nuevo,6,No,4
,,Robot Star Wars R2d2 Interactivo Banco Electronico Nuevo,MLA603298117,5000,8640722,GUYBRUSHT,1,0,Clásica,Si, ,Nuevo,6,No,564
,,Robot Dolphin S100 Limpia Piscinas,MLA676069808,23355,183062022,MUNDO-PILETAS,1,0,Gratuita,Si, ,Nuevo,6,No,22
,,Robot Dolphin S50 ,MLA678329357,17200,34010572,WAP SRL,1,0,Gratuita,Si, ,Nuevo,6,No,5
,,Aspiradora Robot Conga Slim 890 De Cecotec. Barre Y Aspira.,MLA678828860,8850,51792423,MARIANITA008,1,0,Gratuita,Si, ,Nuevo,6,No,1
,,Robot Star Wars R2d2 Interactivo Banco Electronico Nuevo 0km,MLA603298113,5000,8640722,GUYBRUSHT,1,0,Clásica,Si, ,Nuevo,6,No,564
,,Robot Dophin S50 Barre Fondo Automatico,MLA678277920,19675,161474027,GONPLANL,1,0,Gratuita,Si, ,Nuevo,6,No,5
,,Robot Dolphin S100,MLA678279162,24300,161474027,GONPLANL,1,0,Gratuita,Si, ,Nuevo,6,No,5
,,Robot Dolphin S50 Limpia Piscina Automatico,MLA673915007,17000,229668668,CACHIPAZ15,1,0,Gratuita,Si, ,Nuevo,6,No,37
,,Robot  Dolphin S200,MLA678280013,31140,161474027,GONPLANL,1,0,Gratuita,Si, ,Nuevo,6,No,5
,,Robot Dolphin S 300 I.,MLA674021337,34700,2499405,FOUNTAINMAN,1,0,Gratuita,Si, ,Nuevo,6,No,37
,,Robot Aspirador Autocleaner F550,MLA677990922,6700,160139258,PEAL5753841,1,0,Gratuita,Si, ,Nuevo,6,No,7
,,Dolphin S300i Robot,MLA671640681,33170,181898736,SELVASNATATORIOS,1,0,Gratuita,Si, ,Nuevo,6,No,55
,,Robot Dolphin S100 Limpiapiscinas Tigre,MLA677519416,24300,267310228,CLIMAY PISCINAS,1,0,Gratuita,Si, ,Nuevo,6,No,11
,,"Robot Led, Mascara, Pechera, Brazos Y Pantalón.",MLA678355988,30000,90369680,EMANUELLEANDROPRODUCCIONES,1,0,Gratuita,Si, ,Nuevo,6,No,5
,,Robot Dolphin S 200,MLA674021480,27500,2499405,FOUNTAINMAN,1,0,Gratuita,Si, ,Nuevo,6,No,37
,,Robot Dolphin E10 Oferta Ultima Unidad Rosario Envio Gratis,MLA671689737,17250,246348715,AGUAYBOMBASSRLAGUAYBOM,1,0,Gratuita,Si, ,Nuevo,6,Si,55
,,Robot Dolphin,MLA675633371,31500,75504287,CARANFER,1,0,Gratuita,Si, ,Nuevo,6,No,24
,,Robot Limpia Piscinas. Oferta,MLA677675969,17800,259065302,KETEASA,1,0,Gratuita,Si, ,Nuevo,6,No,9
,,Robot Limpia Piscina Dolphin S300i Con Caddy,MLA678453969,34900,50727087,GRIJA2016,1,0,Gratuita,Si, ,Nuevo,6,No,4